,0,1,2,3,4,5,6,7,8,9,10,11,12,13,14,15,16,17,18,19,20,21,22,23,24,25,26,27,28,29,30,31,32,33
0,0,0,18,1,0,0,4,4,0,4,0,1,2,2,0,1,0,0,0,1,1,0,0,4,3,4,1,1,3,4,0,11,11,1.0
1,0,0,17,1,0,1,1,1,0,2,0,0,1,2,0,0,1,0,0,0,1,1,0,5,3,3,1,1,3,2,9,11,11,1.0
2,0,0,15,1,1,1,1,1,0,2,2,1,1,2,0,1,0,0,0,1,1,1,0,4,3,2,2,3,3,6,12,13,12,2.0
3,0,0,15,1,0,1,4,2,1,3,1,1,1,3,0,0,1,0,1,1,1,1,1,3,2,2,1,1,5,0,14,14,14,1.0
4,0,0,16,1,0,1,3,3,2,2,1,0,1,2,0,0,1,0,0,1,1,0,0,4,3,2,1,2,5,0,11,13,13,2.0
5,0,1,16,1,1,1,4,3,3,2,3,1,1,2,0,0,1,0,1,1,1,1,0,5,4,2,1,2,5,6,12,12,13,2.0
6,0,1,16,1,1,1,2,2,2,2,1,1,1,2,0,0,0,0,0,1,1,1,0,4,4,4,1,1,3,0,13,12,13,1.0
7,0,0,17,1,0,0,4,4,2,4,1,1,2,2,0,1,1,0,0,1,1,0,0,4,1,4,1,1,1,2,10,13,13,1.0
8,0,1,15,1,1,0,3,2,3,2,1,1,1,2,0,0,1,0,0,1,1,1,0,4,2,2,1,1,1,0,15,16,17,1.0
9,0,1,15,1,0,1,3,4,2,2,1,1,1,2,0,0,1,0,1,1,1,1,0,5,5,1,1,1,5,0,12,12,13,1.0
10,0,0,15,1,0,1,4,4,4,1,3,1,1,2,0,0,1,0,0,1,1,1,0,3,3,3,1,2,2,2,14,14,14,2.0
11,0,0,15,1,0,1,2,1,3,2,3,0,3,3,0,0,1,0,1,1,1,1,0,5,2,2,1,1,4,0,10,12,13,1.0
12,0,1,15,1,1,1,4,4,1,3,0,0,1,1,0,0,1,0,1,1,1,1,0,4,3,3,1,3,5,0,12,13,12,2.0
13,0,1,15,1,0,1,4,3,4,2,0,1,2,2,0,0,1,0,0,1,1,1,0,5,4,3,1,2,3,0,12,12,13,2.0
14,0,1,15,1,0,0,2,2,2,2,1,2,1,3,0,0,1,0,0,1,1,1,1,4,5,2,1,1,3,0,14,14,15,1.0
15,0,0,16,1,0,1,4,4,1,2,1,1,1,1,0,0,1,0,0,1,1,1,0,4,4,4,1,2,2,6,17,17,17,2.0
16,0,0,16,1,0,1,4,4,3,3,3,1,1,3,0,0,1,0,1,1,1,1,0,3,2,3,1,2,2,10,13,13,14,2.0
17,0,0,16,1,0,1,3,3,2,2,3,1,3,2,0,1,1,0,1,1,1,0,0,5,3,2,1,1,4,2,13,14,14,1.0
18,0,1,17,1,0,1,3,2,3,3,0,1,1,1,3,0,1,1,1,1,1,1,0,5,5,5,2,4,5,2,8,8,7,3.0
19,0,1,16,1,1,1,4,3,1,2,1,0,1,1,0,0,0,0,1,1,1,1,0,3,1,3,1,3,5,6,12,12,12,2.0
20,0,1,15,1,0,1,4,3,4,2,3,1,1,2,0,0,0,0,0,1,1,1,0,4,4,1,1,1,1,0,12,13,14,1.0
21,0,1,15,1,0,1,4,4,1,1,2,0,1,1,0,0,1,1,0,1,1,1,0,5,4,2,1,1,5,0,11,12,12,1.0
22,0,1,16,1,1,1,4,2,4,2,0,1,1,2,0,0,0,0,1,1,1,1,0,4,5,1,1,3,5,0,12,13,14,2.0
23,0,1,16,1,1,1,2,2,2,2,3,1,2,2,0,0,1,0,1,1,1,1,0,5,4,4,2,4,5,2,10,10,10,3.0
24,0,0,15,0,0,1,2,4,3,1,0,1,1,3,0,1,1,0,1,1,1,1,0,4,3,2,1,1,5,2,10,11,10,1.0
25,0,0,16,1,0,1,2,2,3,3,1,1,1,1,0,0,1,0,0,0,1,1,0,1,2,2,1,3,5,6,10,11,12,2.0
26,0,1,15,1,0,1,2,2,2,2,1,1,1,1,0,0,1,0,0,1,1,1,0,4,2,2,1,2,5,8,11,12,12,2.0
27,0,1,15,1,0,1,4,2,1,3,2,1,1,1,0,0,0,0,0,1,1,1,0,2,2,4,2,4,1,0,11,11,11,3.0
28,0,1,16,1,1,0,3,4,3,2,1,1,1,2,0,1,1,1,1,1,1,1,0,5,3,3,1,1,5,2,12,12,13,1.0
29,0,1,16,1,0,1,4,4,4,4,1,1,1,2,0,0,1,1,1,1,1,1,1,4,4,5,5,5,5,4,12,11,12,5.0
30,0,1,15,1,0,1,4,4,1,3,1,1,1,2,0,0,1,1,0,0,1,1,0,5,4,2,3,4,5,0,10,11,11,4.0
31,0,1,15,1,0,1,4,4,3,3,3,1,2,2,0,0,1,0,1,1,1,1,0,4,3,1,1,1,5,2,15,15,15,1.0
32,0,1,15,0,0,1,4,3,4,0,0,1,1,2,0,0,1,0,1,1,1,1,1,4,5,2,1,1,5,0,13,14,15,1.0
33,0,1,15,1,1,1,3,3,2,2,0,1,1,2,0,0,0,0,1,0,1,1,0,5,3,2,1,1,2,0,13,12,12,1.0
34,0,1,16,1,0,1,3,2,2,2,1,1,1,1,0,0,1,0,0,0,1,1,0,5,4,3,1,1,5,4,12,12,12,1.0
35,0,0,15,1,0,1,2,3,2,2,2,0,2,1,0,0,1,0,1,1,1,0,0,3,5,1,1,1,5,4,11,11,11,1.0
36,0,1,15,1,1,1,4,3,4,3,1,1,1,3,0,0,1,0,1,1,1,1,0,5,4,3,1,1,4,0,14,14,14,1.0
37,0,1,16,0,0,0,4,4,2,4,3,1,2,3,0,0,1,0,1,1,1,1,1,2,4,3,1,1,5,4,13,13,13,1.0
38,0,0,15,0,0,1,3,4,3,1,0,1,1,3,0,1,1,0,1,1,1,1,0,4,3,2,1,1,5,2,11,12,12,1.0
39,0,0,15,0,0,1,2,2,0,2,3,1,1,1,0,1,1,0,1,1,1,0,0,4,3,1,1,1,2,8,14,13,12,1.0
40,0,0,16,1,1,1,2,2,2,2,1,1,2,2,0,0,1,0,1,0,1,1,1,3,3,3,1,2,3,16,11,11,10,2.0
41,0,1,15,1,1,1,4,4,4,2,1,2,1,1,0,0,1,0,0,0,1,1,1,5,4,3,2,4,5,8,10,11,11,3.0
42,0,1,15,1,0,1,4,4,3,4,0,0,1,2,0,0,1,0,1,1,1,1,0,4,3,3,1,1,5,0,14,15,15,1.0
43,0,1,15,1,0,1,2,2,3,3,0,0,1,1,0,1,1,0,0,1,1,1,0,5,4,1,1,1,1,0,9,10,10,1.0
44,0,0,16,1,1,1,2,2,2,0,0,0,2,2,1,1,0,0,1,1,1,1,0,4,3,3,2,2,5,14,10,11,11,2.0
45,0,0,15,1,1,0,4,3,2,2,0,1,1,2,0,1,1,1,1,1,1,1,1,5,2,2,1,1,5,4,10,11,11,1.0
46,0,0,16,1,1,0,3,3,2,3,1,1,1,2,0,0,1,0,0,1,1,1,0,2,3,5,1,4,3,6,13,12,13,2.0
47,0,1,16,1,0,1,4,3,1,3,3,1,1,4,0,0,0,0,1,1,1,1,0,4,2,2,1,1,2,2,17,17,17,1.0
48,0,1,15,1,0,1,4,2,4,2,1,1,1,2,0,0,1,0,0,1,1,0,0,4,3,3,2,2,5,4,11,12,13,2.0
49,0,0,15,1,0,1,4,4,3,4,2,0,1,2,0,1,1,0,1,0,1,1,0,4,4,4,1,1,3,2,13,12,12,1.0
50,0,0,16,1,1,1,2,2,3,3,0,1,3,2,0,0,1,0,0,1,1,1,0,4,3,3,2,3,4,0,14,13,13,2.0
51,0,0,15,1,1,1,4,2,1,2,2,1,1,2,0,0,1,0,0,1,1,1,0,4,3,3,1,1,5,0,16,14,16,1.0
52,0,1,15,1,1,0,4,2,1,1,2,0,2,1,0,0,0,0,0,1,1,0,0,5,5,5,3,4,5,4,10,9,9,4.0
53,0,0,15,1,0,1,4,4,3,3,0,1,1,1,0,1,1,0,0,1,1,1,0,3,3,4,2,3,5,0,13,12,12,2.0
54,0,0,15,1,1,0,3,3,2,2,2,1,1,1,0,0,0,0,0,1,1,1,0,5,3,4,4,4,1,0,13,12,13,4.0
55,0,0,16,1,0,0,2,1,2,2,2,1,1,2,0,0,0,0,1,1,1,1,1,5,3,4,1,1,2,2,12,13,12,1.0
56,0,0,15,1,0,0,4,3,3,3,3,1,1,2,0,0,1,0,1,1,1,1,0,4,3,2,1,1,1,0,15,14,15,1.0
57,0,1,15,1,0,1,4,4,4,1,3,1,1,2,0,0,1,0,1,1,1,0,0,3,2,2,1,1,5,8,15,15,16,1.0
58,0,1,15,1,1,1,1,2,2,0,1,0,1,2,0,1,1,0,1,1,1,1,0,4,3,2,1,1,5,0,14,13,14,1.0
59,0,0,16,1,0,1,4,2,3,2,0,1,1,2,0,0,1,1,0,1,1,1,0,4,2,3,1,1,5,2,16,15,16,1.0
60,0,0,16,0,0,1,4,4,1,4,2,1,1,2,0,0,1,0,1,1,1,0,0,2,4,4,2,3,4,0,17,16,16,2.0
61,0,0,16,1,0,1,1,1,3,3,0,0,4,1,0,1,1,0,1,0,1,1,1,5,5,5,5,5,5,0,10,10,16,5.0
62,0,0,16,1,1,1,1,2,2,3,3,0,1,2,0,1,0,0,1,1,1,1,0,4,4,3,1,1,1,0,13,13,10,1.0
63,0,0,16,1,0,1,4,3,4,1,1,1,1,3,0,1,1,0,1,1,1,1,0,3,4,4,2,4,4,0,14,13,13,3.0
64,0,0,15,1,1,1,4,3,3,3,3,0,1,2,0,1,0,0,1,1,1,1,1,4,4,4,2,4,2,0,13,12,12,3.0
65,0,0,16,1,1,1,4,3,4,3,0,1,3,2,0,0,1,0,1,1,1,1,0,5,4,3,1,2,1,2,16,15,16,2.0
66,0,1,15,1,0,0,4,4,2,3,3,1,1,4,0,0,1,0,1,0,1,1,1,1,3,3,5,5,3,0,11,12,12,5.0
67,0,0,16,1,0,1,3,1,3,2,0,1,1,4,0,1,1,0,0,1,1,1,0,4,3,3,1,2,5,0,10,9,10,2.0
68,0,0,15,0,1,1,2,2,1,3,3,1,2,2,0,1,1,0,0,1,1,1,0,4,1,3,1,3,4,0,11,10,11,2.0
69,0,0,15,0,1,1,3,1,2,2,3,0,2,4,0,0,1,0,0,0,1,1,0,4,4,2,2,3,3,6,15,15,15,2.0
70,0,1,16,1,0,1,3,1,2,2,3,0,2,4,0,0,1,0,0,1,1,1,0,4,3,2,1,1,5,2,13,11,11,1.0
71,0,1,15,1,0,1,4,2,2,2,0,1,1,4,0,0,0,0,0,1,1,1,0,3,3,3,1,1,3,0,11,9,10,1.0
72,0,0,15,0,0,1,1,1,2,2,3,1,1,2,0,1,1,0,0,0,1,1,1,3,3,4,2,4,5,2,13,11,11,3.0
73,0,1,16,1,0,1,3,1,2,2,3,1,1,1,0,0,0,0,1,1,1,0,0,5,3,2,2,2,5,0,13,13,14,2.0
74,0,0,16,1,0,1,3,3,2,3,1,1,1,2,0,1,1,0,1,1,1,1,0,4,3,3,2,4,5,4,11,11,11,3.0
75,0,1,15,1,0,1,4,3,4,2,1,1,1,2,0,0,1,0,1,1,1,1,0,4,3,3,2,3,5,0,11,11,11,2.0
76,0,1,15,1,0,1,4,0,4,2,0,1,2,4,0,0,0,0,1,1,1,1,0,3,4,3,1,1,1,0,12,11,11,1.0
77,0,0,16,1,0,1,2,2,2,2,3,1,1,4,0,0,0,0,0,1,1,1,1,5,2,3,1,3,3,1,13,13,13,2.0
78,0,1,17,1,0,1,2,1,2,2,1,1,2,1,3,1,1,0,1,1,0,1,0,4,5,1,1,1,3,0,9,9,10,1.0
79,0,0,16,1,0,1,3,4,0,2,0,1,1,2,0,0,1,0,0,1,1,1,0,2,4,3,1,2,3,14,12,11,11,2.0
80,0,1,15,1,0,1,2,3,2,3,0,0,1,1,0,1,1,0,1,0,1,1,1,3,2,2,1,3,3,0,11,11,12,2.0
81,0,1,15,1,0,1,2,3,2,2,1,1,1,3,0,1,0,0,0,0,1,1,0,5,3,2,1,2,5,2,10,9,9,2.0
82,0,0,15,1,1,1,3,2,3,2,3,1,1,2,0,0,1,0,0,1,1,1,0,4,4,4,1,1,5,4,12,11,11,1.0
83,0,1,15,1,1,1,2,2,3,3,1,1,2,2,0,0,0,1,1,1,1,1,0,5,3,3,1,3,4,2,13,12,13,2.0
84,0,0,15,1,0,1,1,1,2,2,1,0,1,2,0,0,1,0,1,0,1,1,0,4,3,2,2,3,4,2,13,12,12,2.0
85,0,0,15,1,0,1,4,4,3,3,3,0,2,2,0,0,0,0,0,1,1,1,1,4,4,4,2,3,5,4,12,11,12,2.0
86,0,0,16,1,1,1,2,2,0,2,0,1,1,2,0,0,1,0,0,1,1,0,0,4,3,4,1,2,2,6,13,11,11,2.0
87,0,0,15,1,0,1,4,2,2,2,3,1,1,3,0,0,1,0,1,1,1,1,0,5,3,3,1,3,1,4,15,15,15,2.0
88,0,1,16,1,0,1,2,2,3,2,3,0,2,2,0,0,0,0,1,0,1,1,0,4,4,2,1,1,3,6,12,10,11,1.0
89,0,1,16,1,1,0,4,4,4,1,3,1,1,2,0,0,1,0,0,1,1,0,0,4,1,3,3,5,5,6,9,9,10,4.0
90,0,0,16,1,0,1,3,3,2,2,1,1,1,3,0,0,1,0,0,1,1,1,1,4,3,3,1,3,4,2,9,11,11,2.0
91,0,0,15,1,0,1,4,3,3,2,3,1,1,1,0,0,0,0,1,1,1,1,0,4,5,5,1,3,1,6,14,13,13,2.0
92,0,0,16,1,1,1,3,1,2,2,1,0,1,2,0,1,1,0,0,1,1,0,0,3,3,3,2,3,2,0,12,13,12,2.0
93,0,0,16,1,0,1,4,2,4,3,1,1,2,2,0,0,1,0,1,1,1,1,0,5,3,3,1,1,1,2,13,14,14,1.0
94,0,1,15,1,1,1,2,2,3,1,3,1,1,4,0,0,1,0,1,1,1,1,0,4,3,4,1,1,4,2,11,12,12,1.0
95,0,0,15,0,0,1,1,1,0,2,1,1,2,4,0,1,1,1,1,1,1,1,0,3,1,2,1,1,1,4,13,13,13,1.0
96,0,1,16,0,0,1,4,3,3,2,3,1,2,1,0,1,1,1,1,0,1,1,0,3,3,3,1,1,4,6,9,11,11,1.0
97,0,0,16,1,0,1,2,1,2,2,0,1,1,2,0,0,1,0,0,1,1,0,1,4,3,5,1,1,5,0,13,12,12,1.0
98,0,0,16,1,0,1,4,4,2,2,3,1,1,1,0,0,0,0,1,0,1,1,0,5,3,4,1,2,1,4,12,13,13,2.0
99,0,0,16,1,0,1,4,3,2,0,0,1,1,3,0,1,1,0,0,1,1,1,0,5,3,5,1,1,3,2,12,13,13,1.0
100,0,1,16,1,0,1,4,4,3,3,2,1,1,1,0,1,1,0,1,1,1,1,0,4,5,5,5,5,4,12,9,9,8,5.0
101,0,1,16,1,0,1,4,4,3,4,2,0,1,3,0,0,1,0,1,1,1,1,1,4,4,3,1,1,4,0,16,16,16,1.0
102,0,1,15,1,0,1,4,4,3,2,0,1,1,1,0,0,1,1,1,0,1,1,0,5,3,3,1,1,5,2,12,13,12,1.0
103,0,0,15,1,0,1,3,2,3,2,1,1,2,2,0,1,1,0,0,1,1,1,0,4,3,5,1,1,2,16,11,10,10,1.0
104,0,1,15,1,0,0,3,4,3,2,0,1,1,2,0,0,1,0,1,1,1,1,0,5,4,4,1,1,1,0,16,16,16,1.0
105,0,0,15,1,0,0,3,3,2,1,3,0,1,4,0,1,0,0,0,1,1,0,0,4,3,3,1,1,4,10,10,10,10,1.0
106,0,0,15,1,0,1,2,2,2,2,0,1,1,4,0,1,1,0,0,1,1,1,0,5,1,2,1,1,3,4,10,10,10,1.0
107,0,1,16,1,0,1,3,3,3,2,1,0,1,3,0,0,1,0,1,1,1,1,0,5,3,3,1,1,5,4,13,14,14,1.0
108,0,1,15,0,0,1,4,4,2,2,1,0,4,4,0,0,1,0,1,1,1,1,1,1,3,5,3,5,1,8,12,10,11,4.0
109,0,0,16,1,1,1,4,4,1,1,2,1,1,3,0,0,1,0,1,1,1,1,1,5,4,5,1,1,4,2,15,15,14,1.0
110,0,1,15,1,1,0,4,4,4,4,0,1,1,1,0,0,0,0,1,1,1,1,0,5,5,3,1,1,4,4,13,14,14,1.0
111,0,0,16,0,0,1,3,3,3,2,3,0,1,3,0,1,1,0,1,1,1,1,0,4,1,2,1,1,2,4,11,11,11,1.0
112,0,0,16,1,0,1,2,2,0,2,1,1,1,2,1,1,0,0,1,1,1,1,0,3,1,2,1,1,5,12,8,10,10,1.0
113,0,1,15,1,1,1,4,2,4,2,0,1,1,1,0,0,0,0,0,1,1,1,0,3,5,2,1,1,3,10,18,17,18,1.0
114,0,1,15,0,0,1,2,1,1,3,3,1,1,2,0,0,0,0,1,1,1,1,1,5,4,2,1,1,5,4,10,9,10,1.0
115,0,1,16,1,0,1,4,4,4,4,0,0,1,2,0,0,1,0,1,1,1,1,0,5,4,4,1,2,5,6,16,14,14,2.0
116,0,1,15,1,0,1,4,4,2,4,3,0,2,2,0,0,1,0,1,1,1,0,0,4,4,3,1,1,2,4,16,15,16,1.0
117,0,1,16,1,0,1,3,3,2,3,1,0,2,1,0,0,0,0,1,1,1,1,0,5,4,2,1,1,5,6,14,14,15,1.0
118,0,1,17,0,0,1,1,3,2,2,0,0,3,2,1,0,1,0,1,1,1,1,0,5,2,4,1,4,5,14,12,11,11,2.0
119,0,1,15,1,0,1,3,4,2,2,3,0,1,1,0,0,0,0,0,1,1,1,0,3,4,3,1,2,4,2,14,13,14,2.0
120,0,0,15,1,0,1,1,2,0,3,0,1,1,2,0,0,0,0,0,0,1,1,0,3,2,3,1,2,1,0,14,14,14,2.0
121,0,1,15,1,0,1,2,2,3,3,1,0,1,4,0,0,1,0,1,1,1,1,0,5,5,4,1,2,5,6,14,13,13,2.0
122,0,0,16,1,1,1,2,4,2,1,0,0,2,2,0,0,1,0,1,1,1,1,1,4,2,2,1,2,5,2,14,12,13,2.0
123,0,1,16,1,0,1,4,4,1,2,0,1,1,1,0,0,1,0,1,1,1,1,0,3,4,4,1,4,5,4,12,13,13,2.0
124,0,0,16,1,0,1,2,2,2,2,1,1,1,2,0,0,0,0,0,1,1,1,1,5,4,4,1,1,5,0,12,11,11,1.0
125,0,1,15,1,0,1,3,4,3,3,1,0,1,1,0,1,0,0,0,1,1,1,0,5,5,5,3,2,5,2,9,9,9,2.0
126,0,0,15,1,1,0,3,4,2,2,1,1,1,2,0,1,0,0,1,1,1,1,1,5,3,2,1,1,1,0,10,11,11,1.0
127,0,0,19,1,0,1,0,1,0,2,0,2,1,2,2,0,1,0,0,0,0,0,0,3,4,2,1,1,5,0,9,10,11,1.0
128,0,1,16,0,0,1,4,4,4,4,0,1,1,1,0,0,0,0,1,1,1,1,0,3,5,5,2,5,4,8,14,14,15,4.0
129,0,1,16,1,0,1,2,3,2,2,0,1,2,3,0,0,1,0,0,0,1,1,1,3,2,3,2,2,1,4,13,12,13,2.0
130,0,0,15,0,0,1,3,4,3,4,0,0,2,3,0,0,1,0,0,1,1,1,1,4,2,2,2,2,5,0,10,11,12,2.0
131,0,0,18,1,0,1,2,1,3,2,3,1,1,2,3,0,1,0,1,1,0,1,1,5,4,5,1,3,5,10,10,9,8,2.0
132,0,0,17,1,1,0,2,1,2,2,0,1,3,1,0,0,1,0,0,1,1,1,0,3,2,2,1,2,5,8,11,10,11,2.0
133,0,0,15,1,0,1,1,1,0,2,0,1,3,1,0,0,1,0,1,0,1,1,1,4,3,3,1,2,4,6,11,12,13,2.0
134,0,0,17,1,1,1,2,2,2,2,0,0,1,1,0,0,1,0,0,1,1,1,1,3,4,4,1,3,5,2,13,12,12,2.0
135,0,0,16,1,0,0,3,4,3,2,0,0,1,1,0,0,0,0,0,1,1,1,0,3,2,1,1,4,5,12,15,13,14,2.0
136,0,1,16,1,0,1,2,1,0,2,0,1,4,1,0,0,0,0,0,1,1,0,0,3,2,1,1,1,2,4,9,9,11,1.0
137,0,0,16,1,0,0,2,2,2,2,1,1,1,1,1,0,0,0,0,1,1,0,0,5,3,4,1,1,5,12,13,11,11,1.0
138,0,1,15,0,0,1,3,4,0,4,0,1,4,2,0,0,1,0,0,1,1,0,1,5,3,3,1,1,5,2,12,11,11,1.0
139,0,0,15,1,0,1,4,4,3,0,0,1,1,3,0,0,1,0,1,1,1,1,1,4,3,3,1,1,5,4,13,14,15,1.0
140,0,1,17,0,0,1,3,4,0,2,0,1,3,2,0,0,0,0,0,1,1,0,0,5,4,5,2,4,5,2,10,9,10,3.0
141,0,0,16,0,0,1,1,1,0,2,0,1,4,2,0,0,1,0,0,1,1,0,0,5,1,3,1,1,3,0,14,13,13,1.0
142,0,1,18,1,1,1,3,1,3,3,0,1,2,1,0,0,0,0,1,1,1,1,1,3,3,4,4,5,4,2,11,11,12,4.0
143,0,0,18,1,0,0,3,2,2,3,0,2,1,3,0,0,1,0,1,0,1,1,1,4,3,3,5,1,5,10,12,11,11,3.0
144,0,0,16,0,0,1,1,1,2,3,3,1,2,1,0,0,1,0,1,1,1,0,1,3,3,3,1,2,1,8,12,11,11,2.0
145,0,0,16,1,0,0,3,3,2,2,0,2,2,1,0,0,1,0,1,0,1,1,1,4,3,2,1,1,5,4,9,9,10,1.0
146,0,1,16,1,1,1,1,1,3,2,0,1,1,2,2,0,0,0,0,1,1,0,1,4,4,4,1,3,5,0,10,10,10,2.0
147,0,0,15,1,0,1,4,4,4,4,0,1,2,1,0,0,0,0,1,1,1,1,0,4,3,2,1,1,5,6,13,14,14,1.0
148,0,0,15,0,0,1,1,1,2,2,0,1,3,1,1,0,0,0,1,1,1,1,1,5,5,5,1,1,1,2,8,9,9,1.0
149,0,1,15,1,0,1,4,3,4,3,0,0,2,4,0,1,1,0,0,1,1,1,0,2,2,2,1,1,3,6,9,11,11,1.0
150,0,0,15,1,0,0,3,3,3,3,1,1,1,2,0,0,0,0,0,0,1,0,1,1,3,2,2,3,1,24,9,8,9,2.0
151,0,1,16,1,0,1,4,4,3,3,0,1,1,3,0,0,1,0,1,1,1,1,0,5,3,3,1,3,5,0,15,13,13,2.0
152,0,1,16,1,1,1,2,2,3,3,3,0,2,1,0,0,1,0,1,1,1,1,0,2,3,3,2,2,2,4,12,11,11,2.0
153,0,0,15,1,0,1,4,4,4,3,0,1,1,3,0,0,1,0,1,1,1,1,0,4,2,2,1,1,5,2,13,13,13,1.0
154,0,0,16,1,1,1,1,1,0,0,0,1,1,1,0,0,0,0,0,1,1,1,0,3,4,4,3,3,1,4,10,11,11,3.0
155,0,1,17,1,0,1,2,1,2,2,1,1,1,1,0,0,1,0,0,1,1,1,0,5,4,5,1,2,5,22,9,7,6,2.0
156,0,0,15,1,0,1,1,1,2,3,0,0,1,2,0,0,1,0,0,1,1,1,0,4,4,2,1,2,5,0,12,12,12,2.0
157,0,0,15,1,1,0,2,1,0,2,1,1,2,1,0,0,1,0,1,1,0,1,1,4,4,2,1,1,5,0,11,10,10,1.0
158,0,0,15,1,0,1,3,2,1,3,1,0,1,2,1,0,1,0,0,1,1,1,0,3,3,2,1,1,3,2,11,11,11,1.0
159,0,0,15,1,0,1,1,2,0,2,0,1,1,2,0,0,1,0,0,0,1,1,0,4,3,2,1,1,5,6,13,12,13,1.0
160,0,0,15,1,0,1,1,2,0,3,0,0,1,2,0,0,0,0,0,0,1,0,1,2,3,4,2,4,1,6,11,11,11,3.0
161,0,1,16,1,0,1,4,4,4,4,0,1,1,1,0,0,1,0,0,1,0,1,1,3,3,2,2,1,5,16,9,9,8,2.0
162,0,1,15,1,1,0,2,1,3,2,0,1,4,1,0,0,0,0,0,1,1,1,0,4,5,5,2,5,5,0,12,11,11,4.0
163,0,1,18,1,1,1,1,1,2,2,0,1,1,1,2,0,0,0,0,1,0,1,1,2,3,5,2,5,4,0,11,9,0,4.0
164,0,1,16,1,1,1,2,1,0,2,0,1,1,1,1,0,0,0,1,1,1,0,1,4,4,4,3,5,5,6,9,10,10,4.0
165,0,0,15,0,0,1,3,3,3,3,3,2,2,3,0,0,1,1,1,1,1,1,1,4,2,1,2,3,3,2,13,13,13,2.0
166,0,1,19,1,0,1,3,2,3,0,1,1,1,1,0,0,1,0,0,1,0,1,1,4,5,4,1,1,4,6,11,9,11,1.0
167,0,0,17,1,0,1,4,4,2,4,0,1,1,1,0,1,1,0,0,1,1,0,1,4,2,1,1,1,4,0,13,13,13,1.0
168,0,1,15,0,0,1,2,3,0,3,0,1,1,2,0,1,0,1,1,1,1,0,0,4,4,4,1,1,1,0,7,8,8,1.0
169,0,1,17,0,1,1,1,2,2,2,3,1,1,1,3,0,0,0,0,1,1,0,0,2,2,2,3,3,5,14,9,8,10,3.0
170,0,0,18,0,0,1,1,1,0,2,0,1,3,1,3,0,1,0,1,0,1,0,0,5,2,5,1,5,4,6,11,10,11,3.0
171,0,1,16,0,0,1,2,2,0,2,0,1,3,1,0,0,0,0,0,0,1,0,0,4,2,2,1,2,3,4,12,10,11,2.0
172,0,1,16,1,0,1,3,3,2,3,0,0,1,2,1,0,1,0,0,1,1,1,1,4,5,5,4,4,5,0,10,10,1,4.0
173,0,1,16,1,1,1,1,2,1,3,0,1,2,1,2,0,0,0,0,0,1,1,0,4,4,5,3,5,5,0,9,8,10,4.0
174,0,1,17,0,1,1,2,1,0,2,0,1,2,1,1,0,0,1,1,1,0,1,1,3,3,2,2,2,5,8,8,8,9,2.0
175,0,1,17,0,0,1,3,2,2,2,0,1,2,2,2,1,1,0,0,1,1,1,1,4,4,4,1,4,3,4,7,6,8,2.0
176,0,1,15,1,1,1,1,2,2,2,0,1,2,1,0,0,0,0,1,1,1,0,0,4,4,4,2,4,5,2,8,9,10,3.0
177,0,1,16,1,0,1,1,3,0,3,0,0,1,1,1,0,0,0,0,1,0,1,0,5,3,3,1,4,2,2,9,8,8,2.0
178,0,1,17,0,1,1,1,1,2,3,0,1,4,2,0,0,0,0,1,1,0,0,1,5,3,5,1,5,5,0,8,8,8,3.0
179,0,1,17,1,0,1,3,2,3,3,0,1,2,1,3,0,1,0,1,0,0,0,0,4,5,2,1,1,2,10,8,7,8,1.0
180,0,1,16,1,0,1,2,2,2,2,0,0,1,2,0,0,0,0,0,1,0,1,0,4,3,5,2,4,4,0,9,10,11,3.0
181,0,0,16,1,0,1,4,2,1,3,1,0,1,2,0,0,0,0,0,1,1,1,1,4,2,3,1,1,3,0,17,17,18,1.0
182,0,0,16,1,0,1,2,2,2,2,1,1,1,2,0,0,1,0,0,0,1,1,0,5,1,5,1,1,4,0,12,12,13,1.0
183,0,0,16,1,0,1,4,4,1,1,3,1,1,2,0,0,1,0,0,1,1,1,1,4,4,2,1,1,3,0,16,16,17,1.0
184,0,1,16,1,0,1,3,4,2,2,0,0,3,1,1,0,1,0,1,0,1,1,0,3,4,5,2,4,2,4,9,9,10,3.0
185,0,1,16,1,0,1,1,0,2,2,3,1,2,2,0,0,1,0,1,1,1,1,1,4,3,2,1,1,3,0,16,17,18,1.0
186,0,1,17,1,1,1,4,4,4,2,3,1,1,2,0,0,1,0,1,1,1,1,0,4,4,4,1,3,5,0,11,9,10,2.0
187,0,0,16,1,0,1,1,3,0,3,1,1,1,2,0,0,0,0,1,0,1,1,1,4,3,5,1,1,3,0,14,13,13,1.0
188,0,0,16,1,1,1,3,3,2,2,3,1,2,2,0,0,1,0,1,1,1,1,0,4,4,5,1,1,4,0,14,14,15,1.0
189,0,1,17,1,1,1,4,3,4,2,0,1,2,2,0,0,0,0,1,1,1,1,0,4,4,4,4,4,4,0,10,11,11,4.0
190,0,0,16,1,0,1,2,2,3,2,3,1,2,2,0,0,0,0,1,0,1,1,0,3,4,4,1,4,5,0,13,12,14,2.0
191,0,1,17,1,0,1,3,3,2,2,3,0,1,2,0,0,0,0,1,0,1,1,0,4,3,4,1,4,4,4,11,9,10,2.0
192,0,1,16,0,0,1,4,2,4,3,2,1,1,1,0,0,1,0,1,1,1,1,1,4,3,3,3,4,3,8,10,9,11,4.0
193,0,1,17,1,0,1,4,3,2,2,0,1,1,2,0,0,1,1,1,1,1,1,1,5,2,3,1,1,2,4,11,11,13,1.0
194,0,1,16,1,0,1,4,3,4,2,1,1,1,2,0,0,1,1,1,1,1,1,0,3,4,3,2,3,3,4,11,10,11,2.0
195,0,1,16,1,0,1,3,3,3,2,1,1,1,2,0,0,0,0,1,1,1,1,1,4,2,3,1,2,3,0,11,12,13,2.0
196,0,0,17,1,0,1,2,4,3,3,3,0,1,2,0,0,1,0,1,1,1,0,0,5,4,2,2,3,5,0,17,18,17,2.0
197,0,0,17,1,1,1,3,3,2,2,3,1,1,2,0,0,1,0,1,1,1,1,1,5,3,3,2,3,1,32,14,13,14,2.0
198,0,0,16,1,0,1,3,2,2,2,3,1,1,2,0,0,1,0,0,1,1,1,0,1,2,2,1,2,1,8,14,15,16,2.0
199,0,1,17,1,0,1,3,3,3,3,2,1,1,2,0,0,1,0,1,1,1,1,1,4,3,4,2,3,4,6,11,13,14,2.0
200,0,1,16,1,0,1,1,2,3,3,2,1,1,1,0,0,1,0,1,1,1,1,1,3,3,3,1,2,3,0,10,9,11,2.0
201,0,1,16,1,1,1,2,1,2,2,0,1,1,2,0,0,0,0,1,1,1,1,1,4,2,3,1,2,5,0,13,14,16,2.0
202,0,0,17,1,0,0,3,3,1,2,3,1,1,2,0,0,1,0,0,0,1,1,1,3,3,3,1,3,3,10,12,13,14,2.0
203,0,1,17,0,0,1,1,2,0,2,1,1,1,2,0,0,0,0,0,1,1,0,0,3,1,3,1,5,3,6,9,9,10,3.0
204,0,0,16,1,0,1,2,3,3,3,0,1,1,2,0,0,0,0,0,1,1,1,0,4,3,3,1,1,2,6,12,12,13,1.0
205,0,0,17,1,0,1,1,1,0,3,0,1,1,2,0,0,0,0,1,1,1,1,0,5,3,3,1,1,3,0,12,11,12,1.0
206,0,1,17,1,0,1,1,2,0,3,2,2,2,2,0,0,0,0,1,0,1,1,0,4,4,4,4,5,5,16,10,11,12,4.0
207,0,1,16,0,0,1,3,3,3,3,3,1,1,1,0,0,1,0,1,1,1,1,0,4,3,2,3,4,5,0,11,10,10,4.0
208,0,1,16,1,0,1,2,3,2,2,1,0,2,1,0,0,0,0,0,1,1,1,0,5,3,3,1,1,3,0,13,12,12,1.0
209,0,0,17,1,1,1,2,4,3,3,0,0,1,2,0,0,0,0,1,1,1,1,1,4,3,2,1,1,5,8,14,15,16,1.0
210,0,1,17,1,0,1,4,4,3,4,1,1,1,1,0,0,0,0,0,1,1,1,0,5,2,3,1,2,5,4,13,13,14,2.0
211,0,1,16,0,1,1,3,3,4,2,1,0,3,1,0,0,1,0,1,1,1,1,0,3,3,4,3,5,3,16,10,11,12,4.0
212,0,0,17,1,0,1,4,4,3,4,1,1,2,1,1,0,1,0,0,1,1,1,0,4,2,4,2,3,2,30,14,15,16,2.0
213,0,0,16,1,1,1,4,4,4,4,3,1,1,2,0,0,1,0,0,1,1,1,0,4,5,2,1,2,3,0,11,10,11,2.0
214,0,0,16,1,0,1,4,3,1,2,1,1,1,2,0,0,1,0,1,1,1,1,0,4,3,5,1,5,2,2,14,14,15,3.0
215,0,0,16,1,0,1,2,3,2,2,3,1,1,2,0,1,1,0,1,1,1,0,0,4,4,3,1,3,4,4,11,12,12,2.0
216,0,0,17,1,0,1,1,1,2,2,0,1,1,2,0,0,1,0,0,0,1,0,0,4,4,4,1,3,1,0,14,15,15,2.0
217,0,0,17,0,0,1,2,2,2,2,3,1,1,1,0,0,1,0,0,1,1,1,0,5,3,2,1,2,3,21,13,13,13,2.0
218,0,0,16,0,0,1,2,2,3,3,3,1,2,4,0,0,1,0,1,0,1,1,0,5,3,5,1,1,5,6,13,13,13,1.0
219,0,0,17,1,0,1,3,4,0,3,1,1,1,3,1,0,1,1,0,1,1,1,1,4,4,3,3,4,5,14,8,9,8,4.0
220,0,0,16,1,0,0,3,1,3,2,0,1,1,2,0,0,1,0,0,1,1,1,0,2,3,3,2,2,4,2,11,11,12,2.0
221,0,0,16,1,0,1,4,3,4,2,2,1,1,2,0,0,0,0,1,1,1,1,1,1,3,2,1,1,1,4,14,15,15,1.0
222,0,0,16,1,0,1,1,1,0,2,1,1,2,1,0,0,1,0,0,1,1,0,0,4,3,2,1,4,5,2,12,13,13,2.0
223,0,0,17,0,0,1,4,3,4,2,3,1,2,3,0,0,1,0,1,1,1,1,1,4,4,2,1,1,4,0,11,12,12,1.0
224,0,0,19,1,0,1,3,3,2,2,3,2,1,4,0,0,1,0,1,1,1,1,0,4,3,3,1,2,3,4,12,12,12,2.0
225,0,1,17,1,1,1,4,4,3,2,1,1,1,2,0,0,1,0,0,1,1,1,1,5,3,5,4,5,3,15,13,12,12,4.0
226,0,0,16,1,0,0,2,2,2,2,3,1,1,2,0,1,1,0,0,1,1,1,0,3,3,4,1,1,4,0,13,13,13,1.0
227,0,1,18,1,0,1,2,2,3,2,1,1,1,2,0,0,1,0,1,1,1,1,0,4,4,4,2,4,5,10,12,11,11,3.0
228,0,0,17,0,1,1,4,4,3,2,2,1,1,1,0,0,1,0,0,1,1,0,0,5,2,1,1,2,3,6,12,11,11,2.0
229,0,0,17,1,1,1,3,2,2,2,3,1,2,2,0,0,0,0,0,1,1,1,0,4,4,4,1,3,1,2,14,16,15,2.0
230,0,0,17,1,0,1,4,3,2,2,3,1,1,2,0,0,0,0,0,1,1,1,1,3,4,5,2,4,1,16,11,9,10,3.0
231,0,1,18,1,1,1,3,3,3,1,1,0,1,2,0,0,1,0,0,1,1,1,0,3,2,4,2,4,4,10,10,10,10,3.0
232,0,0,17,1,0,1,2,3,0,2,1,0,2,1,0,0,1,0,0,1,1,0,0,3,3,3,1,4,3,4,12,13,13,2.0
233,0,0,17,1,0,1,2,2,0,0,0,1,1,3,0,0,1,0,1,1,1,1,0,4,3,3,1,1,4,0,12,12,13,1.0
234,0,0,17,0,0,1,2,1,0,3,3,1,2,2,0,0,1,0,1,1,1,1,0,4,2,5,1,2,5,0,11,10,11,2.0
235,0,0,17,1,0,1,1,1,0,2,3,1,1,3,0,0,1,0,1,1,1,0,1,4,3,4,1,1,5,12,12,12,12,1.0
236,0,0,16,1,0,1,2,3,3,4,2,1,1,2,0,1,0,0,0,1,1,1,0,2,3,1,1,1,3,0,13,13,14,1.0
237,0,1,18,1,0,1,2,2,2,2,1,1,2,2,3,0,1,1,0,1,1,1,0,3,3,3,5,5,4,9,10,9,10,5.0
238,0,0,16,1,0,1,4,4,4,3,1,1,1,3,0,0,1,0,1,0,1,1,0,5,3,2,1,1,5,4,15,16,16,1.0
239,0,0,18,0,0,1,3,1,2,2,3,1,1,2,0,0,0,0,1,1,1,1,1,5,3,3,1,1,4,4,8,8,8,1.0
240,0,0,17,1,0,1,3,2,2,2,0,1,1,2,0,0,0,0,1,0,1,1,0,5,3,4,1,3,3,2,17,18,17,2.0
241,0,1,17,1,1,1,2,3,3,3,3,0,1,2,0,0,1,0,0,0,1,1,0,5,3,3,1,3,3,0,10,11,11,2.0
242,0,1,18,1,1,1,2,1,0,2,0,1,4,2,0,1,1,0,1,1,1,1,1,4,3,2,4,5,3,2,9,10,11,4.0
243,0,0,17,1,0,0,2,1,2,2,0,1,2,3,0,0,0,0,1,1,1,1,1,3,2,3,1,2,3,0,15,15,16,2.0
244,0,0,17,1,1,1,4,3,1,2,3,0,1,2,0,0,0,0,1,1,1,1,1,3,2,3,1,2,3,0,14,12,12,2.0
245,0,1,17,0,0,1,2,2,2,2,0,0,2,2,0,0,1,0,1,1,1,1,0,4,5,2,1,1,1,0,12,13,13,1.0
246,0,1,17,1,0,1,4,4,4,4,3,1,1,2,0,1,1,0,1,1,1,1,1,4,5,5,1,3,2,0,13,13,13,2.0
247,0,1,16,1,0,1,4,4,1,2,3,0,1,2,0,0,1,0,1,1,1,1,0,4,2,4,2,4,1,0,13,13,14,3.0
248,0,1,16,1,1,1,1,1,2,2,1,1,2,2,0,0,1,0,0,1,1,1,0,3,4,2,1,1,5,2,9,9,9,1.0
249,0,1,16,1,0,1,3,2,0,2,3,1,2,3,0,0,0,0,1,1,1,1,1,5,3,3,1,3,2,0,12,12,12,2.0
250,0,1,17,1,1,1,2,2,2,2,1,0,1,2,0,0,0,0,1,0,1,1,1,4,4,2,5,5,4,0,16,16,16,5.0
251,0,0,16,1,0,1,2,1,2,2,1,1,1,1,0,0,0,0,0,1,1,1,1,4,5,2,1,1,5,4,9,10,10,1.0
252,0,0,16,1,0,0,4,1,2,2,1,1,1,2,0,0,0,0,1,1,1,1,1,5,3,3,1,2,5,0,14,13,13,2.0
253,0,0,18,1,1,0,2,4,3,2,0,1,2,2,1,0,1,0,0,1,1,1,0,4,3,3,1,1,3,18,10,10,10,1.0
254,0,0,18,1,1,1,2,2,0,3,0,1,1,2,1,0,1,0,0,0,1,1,1,5,3,1,1,1,5,16,9,8,10,1.0
255,0,0,18,1,0,1,3,3,2,2,0,1,2,1,1,0,0,0,0,1,0,1,0,4,1,1,1,1,3,14,8,7,7,1.0
256,0,1,18,1,0,1,2,2,2,0,0,2,1,1,1,0,1,0,1,0,0,1,1,4,4,3,2,2,1,26,7,8,8,2.0
257,0,1,17,1,0,1,4,4,4,4,0,1,1,1,0,0,1,0,1,0,1,1,0,4,2,1,1,2,5,6,10,8,9,2.0
258,0,0,17,1,0,1,3,2,2,2,0,0,1,2,0,0,0,0,1,1,1,0,0,5,4,2,1,1,3,4,14,14,15,1.0
259,0,0,17,1,1,1,1,1,0,0,0,1,1,3,0,0,1,0,1,1,1,1,1,4,3,2,1,2,4,10,11,10,10,2.0
260,0,0,16,1,0,1,1,2,2,2,0,1,1,1,0,0,0,0,0,1,0,1,0,5,3,5,1,2,5,4,12,11,11,2.0
261,0,0,17,0,0,1,2,1,0,3,0,1,3,2,0,0,0,0,1,1,1,0,0,2,1,1,1,1,3,2,13,13,13,1.0
262,0,0,17,0,1,0,1,4,2,2,0,2,4,1,1,0,1,0,0,1,1,1,0,5,5,4,1,1,5,14,9,9,8,1.0
263,0,1,18,1,0,1,2,2,2,3,3,0,1,2,0,0,0,0,0,1,0,1,0,5,5,4,3,5,2,16,8,7,8,4.0
264,0,0,17,1,1,0,2,2,2,2,1,1,1,1,1,0,1,0,0,0,0,1,0,3,1,2,1,1,1,8,11,9,10,1.0
265,0,0,17,0,1,1,1,1,0,2,0,1,2,3,0,0,0,0,1,1,1,1,0,4,3,3,1,3,5,4,15,14,15,2.0
266,0,0,17,1,1,0,4,2,4,2,0,1,1,2,0,0,1,0,1,1,1,0,0,4,3,2,1,1,4,4,15,14,14,1.0
267,0,1,17,1,1,1,4,3,1,2,0,1,2,2,0,0,0,0,1,1,1,1,1,2,5,5,1,4,5,8,15,15,15,2.0
268,0,1,17,0,1,0,4,4,4,2,0,1,2,2,0,0,1,0,0,1,1,1,0,3,3,3,2,3,4,0,12,12,12,2.0
269,0,1,16,1,1,1,4,3,4,2,0,1,1,1,0,0,0,0,1,0,1,1,0,5,4,5,1,1,3,7,14,14,15,1.0
270,0,1,16,1,0,1,4,4,3,3,0,1,1,1,0,0,0,1,1,1,1,1,0,5,3,2,1,2,5,4,14,15,15,2.0
271,0,0,17,1,0,1,4,4,4,3,0,1,1,2,0,0,1,1,0,1,1,1,1,5,3,1,1,4,5,2,11,11,12,2.0
272,0,1,17,0,0,1,1,1,2,2,1,0,2,3,0,0,0,0,0,0,1,1,1,4,3,3,1,1,1,2,13,14,15,1.0
273,0,0,17,1,0,1,3,3,3,2,1,1,2,3,0,0,1,0,0,1,1,1,1,4,2,2,2,3,5,10,11,11,11,2.0
274,0,0,17,1,0,1,1,1,0,2,0,1,1,2,0,1,0,0,0,0,1,0,1,4,3,2,1,1,4,10,10,9,10,1.0
275,0,0,18,1,0,1,2,1,2,2,0,2,2,3,0,0,1,0,0,0,1,1,1,4,4,4,1,1,3,10,12,10,11,1.0
276,0,1,16,1,0,1,2,1,2,2,0,1,3,1,0,0,0,0,0,1,1,1,0,4,3,3,1,1,4,7,15,16,16,1.0
277,0,0,17,1,0,1,1,1,2,3,0,0,1,2,0,0,1,0,0,1,1,0,0,4,3,4,1,2,5,4,11,10,11,2.0
278,0,1,17,1,0,1,2,3,2,2,0,0,2,1,0,0,0,0,0,1,1,1,0,5,2,2,1,1,2,2,9,12,13,1.0
279,0,1,22,1,0,1,3,1,3,3,2,1,1,1,3,0,0,0,0,0,0,1,1,5,4,5,5,5,1,12,7,8,5,5.0
280,0,1,18,0,1,1,3,3,2,3,0,1,1,2,0,0,1,0,0,1,1,1,1,4,3,3,1,3,5,8,10,9,10,2.0
281,0,1,16,1,0,1,0,2,2,2,2,1,1,1,0,0,0,0,0,0,1,1,0,4,3,2,2,4,5,0,11,12,11,3.0
282,0,1,18,1,0,1,3,2,3,2,0,1,2,1,0,0,0,0,0,1,0,1,0,4,4,5,2,4,5,8,7,8,7,3.0
283,0,1,16,1,0,1,3,3,0,2,3,2,3,2,1,1,1,0,0,0,1,1,0,5,3,3,1,3,2,4,9,11,10,2.0
284,0,1,18,1,0,1,2,1,3,3,2,1,1,1,2,0,0,0,0,0,0,1,0,3,2,5,2,5,5,4,7,8,6,4.0
285,0,1,16,0,0,1,2,1,2,2,0,1,2,1,0,0,0,0,1,0,1,0,0,3,3,2,1,3,3,2,14,13,12,2.0
286,0,1,17,0,0,1,2,1,2,2,0,1,1,1,0,0,0,0,0,0,1,1,0,4,4,2,2,4,5,0,12,12,13,3.0
287,0,1,17,1,1,1,1,1,1,2,0,1,2,1,1,0,1,0,1,1,1,1,0,4,4,4,1,2,5,0,9,10,10,2.0
288,0,0,18,1,1,0,2,1,2,2,0,1,1,2,0,0,1,0,0,0,1,1,1,4,3,4,1,3,5,2,12,12,13,2.0
289,0,0,17,1,1,1,4,2,4,3,3,1,1,4,0,0,1,0,1,1,1,1,0,4,2,3,1,1,4,2,14,15,17,1.0
290,0,0,19,1,0,1,2,2,3,3,1,1,1,2,0,0,1,0,0,1,1,1,0,4,3,3,1,1,5,0,10,10,11,1.0
291,0,1,18,1,1,1,2,1,3,2,0,1,3,2,1,0,0,0,1,0,0,1,0,4,4,5,4,4,5,4,11,10,11,4.0
292,0,0,17,0,0,1,4,2,2,2,0,1,1,3,0,0,1,0,1,1,1,1,0,4,3,4,1,3,5,2,11,12,14,2.0
293,0,0,18,1,1,1,1,1,2,0,1,1,1,3,0,0,1,0,0,0,1,0,0,4,4,3,2,3,3,4,11,12,14,2.0
294,0,0,18,0,0,1,2,2,2,2,1,1,1,2,0,1,0,0,0,1,1,0,0,3,2,3,1,1,5,4,11,11,13,1.0
295,0,1,19,1,1,0,4,3,3,0,3,1,1,2,0,0,1,0,0,1,1,1,0,4,3,1,1,1,1,4,11,13,14,1.0
296,0,1,18,1,0,1,2,1,2,2,1,1,1,2,0,0,0,0,1,1,1,1,0,5,2,4,1,2,4,2,16,16,16,2.0
297,0,1,17,0,0,1,2,2,2,3,2,1,2,1,0,0,0,0,0,0,0,0,0,5,2,2,1,1,4,0,9,10,10,1.0
298,0,0,17,1,1,1,2,2,3,3,0,0,1,4,0,0,0,0,1,1,1,1,1,3,4,1,1,1,2,2,10,11,12,1.0
299,0,0,20,0,0,1,2,1,2,2,0,2,2,2,0,0,1,1,1,1,0,1,1,1,2,3,1,2,2,8,10,12,12,2.0
300,0,0,18,1,0,1,4,3,3,2,1,0,1,2,0,0,1,0,0,1,1,1,1,3,1,2,1,3,2,2,15,15,15,2.0
301,0,1,18,1,0,1,4,3,4,2,0,1,1,2,0,0,1,0,0,0,1,1,0,4,3,2,1,1,3,2,10,10,11,1.0
302,0,1,18,0,0,1,3,2,2,2,0,1,1,3,0,0,0,0,1,0,1,0,0,5,3,2,1,1,3,2,10,11,12,1.0
303,0,0,17,1,0,1,3,3,2,2,1,1,1,3,0,0,0,0,1,0,1,0,0,3,2,3,1,1,4,2,15,12,13,1.0
304,0,0,18,1,0,1,2,2,0,3,1,1,1,3,0,0,1,0,1,1,1,1,1,4,3,3,1,1,3,0,11,12,13,1.0
305,0,1,17,1,0,1,2,2,2,2,1,0,2,1,0,0,0,0,0,1,0,1,0,4,4,4,2,3,4,8,8,8,9,2.0
306,0,1,18,0,1,0,3,4,2,2,3,1,2,2,0,0,1,0,1,1,1,1,0,4,2,5,3,4,1,6,15,16,16,4.0
307,0,1,17,1,0,1,3,1,3,2,2,1,1,2,0,0,0,0,1,1,1,1,1,5,4,4,3,4,5,0,11,11,14,4.0
308,0,0,18,0,0,1,4,4,4,2,3,1,2,2,0,0,0,0,1,1,1,1,0,4,3,4,2,2,4,8,10,11,12,2.0
309,0,1,18,1,0,1,4,2,1,2,3,0,1,2,0,0,1,0,1,1,1,1,1,5,4,5,1,3,5,4,10,12,14,2.0
310,0,0,18,0,0,1,2,1,2,2,3,1,2,2,0,0,1,0,0,1,0,1,1,4,3,5,1,2,3,12,8,9,10,2.0
311,0,0,19,1,0,1,3,3,2,3,1,2,1,2,0,0,1,0,1,1,1,1,0,4,3,5,3,3,5,16,11,12,12,3.0
312,0,0,18,1,0,1,2,3,2,3,3,0,1,4,0,0,1,0,1,1,1,1,1,4,5,5,1,3,2,10,16,16,16,2.0
313,0,0,18,1,1,1,1,1,2,2,1,1,2,2,0,0,1,0,0,0,1,0,0,4,4,3,1,1,3,2,13,13,13,1.0
314,0,1,17,0,0,1,1,2,0,0,1,1,1,2,0,0,1,0,1,0,1,0,1,3,5,2,2,2,1,2,16,17,18,2.0
315,0,0,18,1,0,1,2,1,2,2,1,1,1,2,0,0,1,0,0,1,1,1,1,4,2,5,1,2,1,8,14,14,15,2.0
316,0,0,17,1,0,1,2,4,0,1,3,1,2,2,0,0,1,0,0,1,1,1,1,4,3,3,1,1,1,6,15,16,16,1.0
317,0,0,17,1,1,1,2,2,3,2,0,1,2,2,0,1,1,0,0,1,1,1,1,4,4,4,2,3,5,6,12,12,12,2.0
318,0,0,18,0,0,0,3,2,2,3,1,1,2,2,0,0,0,0,0,0,0,1,1,4,1,1,1,1,5,15,12,9,10,1.0
319,0,1,18,1,0,1,4,4,4,3,1,1,2,1,0,0,0,0,1,1,1,1,0,3,2,4,1,4,3,6,11,12,12,2.0
320,0,0,18,1,0,1,4,4,1,1,3,0,1,2,1,1,1,0,1,1,1,1,1,2,4,4,1,1,4,2,14,12,13,1.0
321,0,0,17,1,0,1,2,2,2,3,3,0,3,3,0,0,1,0,0,1,1,1,1,4,2,3,1,1,1,8,13,15,15,1.0
322,0,0,19,0,0,1,3,2,3,3,3,0,1,2,1,1,1,0,0,1,0,1,0,3,3,3,4,3,3,0,9,8,10,4.0
323,0,1,18,1,1,1,4,3,4,3,0,1,2,1,0,0,0,0,1,1,1,1,0,4,2,3,1,2,1,0,10,10,10,2.0
324,0,1,18,1,0,1,1,2,0,2,1,2,2,1,0,0,0,0,0,0,0,1,0,3,4,4,2,4,4,10,10,10,11,3.0
325,0,1,17,1,1,0,4,1,3,2,1,1,2,1,0,0,0,0,1,1,1,1,1,4,5,4,2,4,5,22,11,11,10,3.0
326,0,1,17,1,1,0,3,2,4,3,1,1,1,1,0,0,0,0,0,1,1,1,0,4,4,4,3,4,3,18,13,13,13,4.0
327,0,0,18,0,1,1,1,1,0,2,3,1,2,4,0,0,1,0,1,1,1,0,0,5,2,2,1,1,3,2,17,17,18,1.0
328,0,0,18,1,0,1,1,1,2,2,1,1,2,2,0,1,0,0,1,1,1,1,0,5,4,4,1,1,4,0,12,13,13,1.0
329,0,0,17,1,0,1,2,2,2,2,0,1,1,2,0,0,1,0,0,0,1,1,0,5,4,5,1,2,5,12,12,12,14,2.0
330,0,0,18,1,0,1,2,1,2,2,3,1,2,2,0,0,0,0,1,1,1,1,1,4,3,1,1,1,5,10,12,13,14,1.0
331,0,1,17,1,0,1,1,1,2,2,3,0,1,2,0,0,0,0,0,0,1,1,0,4,3,3,1,2,4,0,12,12,12,2.0
332,0,0,18,1,0,1,2,2,0,0,2,1,1,3,0,0,1,0,0,1,1,1,0,4,3,3,1,2,2,0,18,18,18,2.0
333,0,0,17,1,0,1,1,1,3,4,3,1,1,3,0,0,1,0,0,1,1,1,0,4,3,3,1,1,3,0,13,13,14,1.0
334,0,1,18,1,0,1,2,1,3,3,3,1,1,3,0,0,0,0,1,1,1,1,0,4,2,4,1,3,2,0,14,15,15,2.0
335,0,1,18,1,1,0,4,4,4,4,3,1,1,2,0,0,1,0,1,1,1,1,0,5,4,3,1,1,2,0,17,17,17,1.0
336,0,1,18,1,0,1,4,2,4,2,1,1,1,2,0,0,1,0,1,1,1,1,1,4,3,2,1,4,5,2,15,16,16,2.0
337,0,0,17,1,0,1,4,3,1,3,3,1,1,3,0,0,1,0,0,1,1,1,0,4,2,2,1,2,3,0,17,18,18,2.0
338,0,0,17,0,1,1,3,1,3,2,3,1,2,4,0,0,1,0,0,1,1,0,0,3,1,2,1,1,3,0,18,19,19,1.0
339,0,1,18,0,1,1,3,2,3,2,3,1,2,3,0,0,1,0,1,1,1,1,0,5,4,2,1,1,4,0,14,15,15,1.0
340,0,1,17,1,0,1,3,3,1,2,1,1,1,1,0,0,1,0,0,1,1,1,0,4,4,3,1,3,5,0,14,15,15,2.0
341,0,0,19,1,0,1,4,4,1,2,3,2,2,2,0,0,1,0,1,1,1,1,0,2,3,4,2,3,2,2,14,13,13,2.0
342,0,0,18,1,1,1,4,3,2,2,1,2,2,2,0,0,1,0,0,1,1,1,1,4,4,5,1,2,2,0,13,14,14,2.0
343,0,0,18,1,0,1,4,3,2,2,3,0,1,4,0,0,1,0,0,1,1,1,0,4,3,3,1,1,3,0,16,17,17,1.0
344,0,1,18,1,1,1,4,4,4,4,1,1,1,1,0,0,1,0,0,1,1,1,1,1,4,2,2,2,1,0,18,18,17,2.0
345,0,0,18,1,1,0,4,4,1,2,1,1,1,2,0,0,1,1,0,1,1,1,1,4,2,4,1,1,4,0,14,15,15,1.0
346,0,1,17,1,1,1,4,4,2,4,1,0,2,1,0,0,0,0,0,1,1,1,0,4,1,1,2,2,5,0,12,13,13,2.0
347,0,0,17,0,0,1,4,4,3,3,3,1,2,3,0,0,1,0,1,1,1,1,0,5,3,4,1,1,5,0,7,7,8,1.0
348,0,0,17,1,0,1,4,2,2,2,3,1,2,3,0,0,1,0,0,1,1,1,0,4,3,3,1,1,3,0,16,16,16,1.0
349,0,0,17,1,0,1,3,2,1,1,3,0,1,4,0,0,1,0,1,0,1,1,0,5,2,2,1,2,5,0,18,18,18,2.0
350,0,1,19,0,1,1,2,1,0,3,0,1,2,3,1,0,0,0,1,1,1,1,1,4,3,1,1,1,5,0,9,10,11,1.0
351,0,1,20,1,0,0,3,2,3,2,0,2,1,1,2,0,0,0,1,1,1,0,0,5,5,3,1,1,5,0,14,15,15,1.0
352,0,1,19,0,0,1,3,3,2,3,3,0,1,2,0,0,0,0,1,1,1,0,1,4,5,3,1,2,5,0,10,10,11,2.0
353,0,0,18,1,0,1,1,4,2,4,1,1,1,2,0,1,1,0,0,0,1,0,1,3,4,4,1,2,5,2,10,10,11,2.0
354,0,0,18,1,0,1,2,1,3,2,0,1,2,2,0,0,1,0,1,1,1,1,0,5,3,3,1,2,1,2,12,12,15,2.0
355,0,0,17,1,0,1,2,3,2,2,0,0,2,2,0,0,0,0,1,1,1,1,1,4,2,1,1,1,3,2,11,12,14,1.0
356,0,0,17,0,0,1,4,4,4,4,0,1,1,1,0,0,0,0,1,1,1,1,0,4,4,4,1,1,5,2,15,16,17,1.0
357,0,0,18,1,0,1,4,3,2,2,0,1,1,3,0,0,1,0,1,1,1,1,1,4,3,4,1,1,5,2,14,15,17,1.0
358,0,0,18,1,1,1,4,3,1,3,0,1,2,1,0,0,1,0,0,1,1,1,0,3,2,4,1,4,1,8,12,12,15,2.0
359,0,0,17,0,0,1,3,4,0,3,0,0,1,3,0,0,1,0,1,0,1,1,0,4,3,4,2,5,5,2,15,15,17,4.0
360,0,0,18,1,0,1,3,3,0,2,0,0,1,2,0,0,1,0,0,1,1,1,0,4,1,4,1,1,3,8,11,12,14,1.0
361,0,1,19,1,0,1,4,2,1,2,0,1,2,2,0,0,1,0,1,1,1,1,1,5,4,4,1,1,1,9,11,10,10,1.0
362,0,0,18,1,0,1,4,4,4,2,0,1,1,2,0,0,1,0,0,1,1,1,0,4,4,4,3,3,5,0,12,11,13,3.0
363,0,0,18,1,0,1,3,4,2,2,0,1,1,1,0,0,1,0,1,1,1,1,1,5,4,4,1,1,1,4,11,12,14,1.0
364,0,0,17,1,0,1,4,4,1,1,0,1,1,1,0,0,0,0,1,1,1,1,0,5,3,4,1,2,5,2,14,15,17,2.0
365,0,0,17,1,0,0,4,3,3,3,0,1,1,2,0,0,1,0,0,1,1,1,1,5,2,2,1,2,5,14,15,14,17,2.0
366,0,0,17,1,1,0,3,3,3,2,1,1,1,2,0,1,1,0,0,1,1,1,0,5,3,3,1,1,5,0,12,12,13,1.0
367,0,0,17,1,1,1,2,1,2,2,1,0,1,2,0,0,0,0,1,1,1,1,0,4,2,3,2,2,2,2,11,12,14,2.0
368,0,1,18,1,1,1,4,4,2,2,3,0,1,1,0,0,1,0,0,1,1,1,0,4,2,5,3,4,5,2,8,9,11,4.0
369,0,0,19,1,0,1,1,1,2,2,0,2,3,3,0,0,0,0,1,1,0,0,1,1,5,5,4,3,5,12,10,10,11,4.0
370,0,0,19,1,1,0,1,1,2,2,0,2,3,2,2,0,1,0,0,0,1,1,1,5,3,4,1,1,4,2,8,8,9,1.0
371,0,0,18,1,0,1,2,2,2,2,0,1,1,1,0,0,1,0,1,1,1,1,1,4,3,5,2,4,5,2,10,10,10,3.0
372,0,0,17,1,0,1,2,2,2,2,0,1,1,2,0,0,1,0,0,1,1,0,1,4,2,2,1,1,3,4,14,13,13,1.0
373,0,0,17,0,1,1,2,2,3,3,0,1,1,3,0,0,1,0,1,1,1,1,0,3,3,2,2,2,3,0,11,11,10,2.0
374,0,0,17,1,0,1,3,1,3,3,0,0,1,3,0,0,1,0,0,0,1,1,0,3,4,3,2,3,5,0,17,18,17,2.0
375,0,0,17,1,1,1,0,2,0,0,1,0,2,3,0,0,0,0,0,1,1,1,0,3,3,3,2,3,2,0,14,14,15,2.0
376,0,0,18,1,0,1,1,1,2,2,1,1,2,3,0,0,0,0,1,1,1,1,0,4,5,5,1,2,2,0,14,14,14,2.0
377,0,1,18,1,0,1,4,4,2,2,0,1,1,3,0,0,0,0,1,1,1,1,0,4,3,3,2,2,3,0,13,14,13,2.0
378,0,1,17,1,0,1,3,3,2,3,3,1,1,1,0,0,0,0,1,0,1,1,0,4,3,5,3,5,5,0,17,18,17,4.0
379,0,1,17,0,0,1,2,2,3,2,0,1,4,1,0,0,1,0,0,1,1,1,0,4,4,5,5,5,4,2,11,10,10,5.0
380,0,0,17,1,0,1,4,4,4,3,0,1,1,3,0,0,1,0,1,1,1,1,0,5,4,4,1,3,4,0,13,12,13,2.0
381,0,0,17,1,0,1,4,4,4,4,0,1,2,3,0,0,1,0,0,0,1,1,1,4,3,3,1,2,4,4,15,14,15,2.0
382,0,0,17,1,0,1,3,3,0,2,0,1,1,1,0,0,1,1,1,1,1,1,0,4,2,5,2,5,5,2,11,12,11,4.0
383,0,1,18,1,1,1,2,2,2,2,0,1,1,4,0,0,1,1,1,1,1,1,0,4,5,5,2,4,5,0,11,11,12,3.0
384,0,1,19,0,0,1,3,2,0,3,1,2,1,1,0,0,1,0,0,0,1,0,1,5,3,4,2,2,5,0,11,10,10,2.0
385,0,0,18,1,0,1,2,2,0,2,0,1,4,2,0,0,0,0,1,1,1,0,1,4,2,5,1,1,2,2,10,9,10,1.0
386,0,0,17,0,0,1,2,4,0,2,0,0,1,3,0,0,1,0,0,1,1,1,1,4,4,3,1,1,5,0,15,15,15,1.0
387,0,1,18,1,0,1,2,2,2,2,3,1,1,1,0,0,0,0,0,0,1,1,0,5,4,2,1,2,5,6,15,14,15,2.0
388,0,0,18,1,0,1,3,3,3,3,1,1,1,2,0,0,0,0,1,1,1,1,0,5,3,4,1,1,4,8,10,11,12,1.0
389,0,0,18,1,1,1,2,2,2,2,1,2,1,2,0,0,0,0,1,0,1,1,1,4,3,3,1,1,2,0,10,9,12,1.0
390,0,0,18,0,0,1,2,2,0,2,0,1,2,4,0,0,0,0,1,1,1,0,0,4,4,4,1,1,4,6,14,13,14,1.0
391,0,0,17,1,0,1,3,4,3,2,0,1,1,3,0,0,0,0,0,1,1,1,0,4,4,5,1,3,5,8,11,13,14,2.0
392,0,0,17,1,0,1,3,2,2,2,1,1,1,2,0,0,1,0,0,1,1,1,1,4,3,2,2,3,2,0,12,13,15,2.0
393,0,0,18,1,1,1,3,3,3,3,1,1,1,4,0,0,1,0,0,1,1,1,0,5,3,3,1,1,1,4,14,14,15,1.0
394,0,0,17,0,0,0,3,2,2,2,1,1,1,2,0,0,1,0,0,1,1,1,0,4,3,3,2,3,2,0,14,14,16,2.0
395,0,1,18,1,0,1,4,4,4,3,1,0,1,2,0,0,1,0,1,1,1,1,0,4,3,3,2,2,2,0,12,12,13,2.0
396,0,1,18,1,1,1,3,4,3,2,1,1,1,2,0,0,0,0,1,1,1,1,1,4,3,3,1,3,5,6,16,16,17,2.0
397,0,0,17,1,0,0,2,2,0,0,1,0,1,2,0,0,1,0,0,1,1,1,1,3,3,1,1,2,4,18,10,12,14,2.0
398,0,0,18,1,0,1,2,3,0,2,0,1,1,3,0,0,1,0,0,1,1,1,0,4,3,3,1,2,3,0,11,12,14,2.0
399,0,0,18,1,0,1,3,2,2,3,2,1,1,3,0,0,0,0,0,1,1,1,1,5,4,3,2,3,1,4,14,16,17,2.0
400,0,1,18,0,0,1,4,3,4,3,0,1,1,3,0,0,0,0,0,1,1,1,1,5,3,2,1,2,4,4,15,14,17,2.0
401,0,1,18,1,0,1,4,3,4,2,0,1,1,3,0,0,1,0,0,1,1,1,1,5,4,5,2,3,5,0,14,13,14,2.0
402,0,0,17,1,0,1,4,3,1,2,3,1,1,3,0,0,1,0,1,1,1,1,1,4,4,3,1,3,4,0,11,12,13,2.0
403,0,0,17,1,0,1,2,1,3,2,0,1,2,2,0,0,1,0,1,1,1,1,1,4,3,4,2,2,1,10,12,15,15,2.0
404,0,0,17,1,0,1,2,1,3,2,3,1,1,2,0,0,1,0,1,1,1,1,0,4,3,5,2,4,4,4,12,16,16,3.0
405,0,0,19,1,1,0,2,3,0,2,1,2,2,1,1,0,0,0,0,1,0,1,0,2,2,3,3,4,5,16,10,11,11,4.0
406,0,0,17,1,0,1,3,1,2,0,1,1,1,1,1,0,1,1,0,1,1,1,1,4,1,2,1,1,3,6,10,13,13,1.0
407,0,0,21,1,1,1,4,4,2,2,3,2,1,3,2,0,0,1,1,1,1,1,0,3,3,2,1,1,5,0,9,12,12,1.0
408,0,1,18,1,1,1,2,2,3,3,3,1,1,2,0,0,1,0,1,0,0,1,0,4,4,4,1,3,3,11,9,11,12,2.0
409,0,1,18,1,1,0,3,4,2,2,3,2,1,2,0,0,0,0,1,1,1,1,1,4,3,5,1,4,2,9,13,14,15,2.0
410,0,0,17,1,0,1,2,2,3,3,3,1,1,2,0,0,1,0,1,1,1,1,0,4,3,4,1,3,4,0,13,17,17,2.0
411,0,1,17,1,1,0,4,4,1,2,3,1,1,3,0,0,1,0,0,1,1,1,0,4,4,2,1,2,4,2,12,15,15,2.0
412,0,0,18,1,1,1,4,2,4,2,0,1,1,2,0,0,1,0,1,1,1,1,0,4,2,2,1,1,3,0,14,17,17,1.0
413,0,1,21,0,1,1,1,1,0,2,0,2,2,2,2,0,1,0,1,1,0,1,1,5,3,3,5,2,4,21,9,10,10,4.0
414,0,0,20,0,0,1,1,1,2,2,3,2,2,3,0,0,0,0,0,1,1,1,1,3,2,2,1,3,3,8,11,15,15,2.0
415,0,0,19,1,0,1,4,4,4,2,1,2,1,1,1,0,1,0,0,1,1,1,1,3,2,5,4,4,5,5,9,10,11,4.0
416,0,1,17,1,1,0,3,2,2,2,3,1,1,2,0,0,1,0,0,1,1,1,0,4,4,4,1,2,5,10,16,18,18,2.0
417,0,0,18,1,0,1,3,2,0,2,3,0,1,3,0,0,1,0,0,1,1,1,1,4,3,4,1,2,2,5,14,17,17,2.0
418,0,1,18,0,0,1,2,3,2,3,3,0,1,1,0,0,0,0,0,1,1,1,0,3,1,3,4,5,4,13,13,14,14,4.0
419,0,1,19,1,0,1,2,1,2,2,3,1,1,1,0,0,0,0,0,1,1,1,0,5,3,4,1,4,4,10,7,11,11,2.0
420,0,0,18,1,1,0,2,2,3,2,3,1,2,2,0,0,1,0,0,1,1,1,0,4,1,4,1,3,4,10,14,17,17,2.0
421,0,0,20,1,0,1,1,0,2,2,3,1,2,1,1,1,0,0,0,1,1,1,1,5,3,1,1,1,5,5,8,10,10,1.0
422,0,0,18,1,0,1,3,2,3,2,1,1,1,2,0,0,1,0,1,0,1,1,1,3,1,2,1,2,1,4,10,13,13,2.0
423,1,0,16,1,0,1,1,3,0,2,2,0,2,1,0,0,1,0,0,1,0,1,1,4,3,3,1,3,5,11,10,11,11,2.0
424,1,0,16,0,0,1,2,2,2,2,0,1,2,2,0,0,1,0,1,1,1,1,0,4,4,4,1,1,5,0,12,12,12,1.0
425,1,0,15,0,0,1,1,1,0,3,2,1,1,1,1,0,1,0,0,1,1,0,1,4,1,3,1,1,2,6,10,10,10,1.0
426,1,0,15,0,0,1,3,3,0,2,0,1,2,1,0,0,1,0,0,1,1,1,0,5,4,4,2,3,5,4,10,10,11,2.0
427,1,0,16,0,0,1,2,3,0,3,0,1,2,2,0,0,0,0,0,1,1,0,0,4,5,2,1,2,5,0,16,17,17,2.0
428,1,0,15,0,1,1,2,1,0,2,1,1,2,1,0,0,0,0,0,1,0,0,0,1,3,4,1,1,1,0,6,8,9,1.0
429,1,1,16,0,1,0,4,4,0,2,1,1,1,2,0,0,1,0,0,1,1,0,0,5,3,2,1,3,2,5,10,11,11,2.0
430,1,1,16,1,0,0,1,2,2,2,2,1,1,3,0,1,0,0,0,1,1,1,0,4,4,3,1,1,5,0,10,11,11,1.0
431,1,0,17,0,0,1,3,2,0,2,0,0,1,2,1,0,0,0,0,1,1,0,1,4,5,4,1,2,5,0,10,10,10,2.0
432,1,0,17,0,0,1,1,1,2,2,2,0,1,1,1,0,1,0,0,0,0,1,0,5,4,4,2,2,5,0,6,6,7,2.0
433,1,0,15,0,0,1,4,4,4,2,0,1,2,1,0,0,0,0,0,1,1,1,1,1,5,1,3,5,5,0,13,14,14,4.0
434,1,0,16,1,1,0,2,2,0,2,3,1,2,4,0,0,0,0,1,0,0,0,1,1,2,1,1,1,1,4,10,9,11,1.0
435,1,0,15,0,1,1,1,1,0,3,3,0,2,2,0,0,1,0,0,1,1,1,0,5,4,3,1,2,4,0,10,10,10,2.0
436,1,0,15,0,1,1,1,1,2,3,0,1,2,1,1,0,1,0,0,1,1,1,1,4,4,3,1,2,2,4,6,7,8,2.0
437,1,0,16,0,0,1,0,2,2,2,2,1,2,1,0,0,1,0,1,1,1,0,0,3,2,3,1,2,2,0,12,11,12,2.0
438,1,0,17,0,0,1,2,3,2,2,0,1,2,1,0,0,1,0,0,1,1,1,0,5,5,5,1,3,3,2,10,11,12,2.0
439,1,0,15,0,0,1,3,3,2,3,0,0,2,1,0,0,0,0,0,0,1,1,0,4,1,3,1,1,4,0,14,16,16,1.0
440,1,1,16,1,0,1,1,1,0,3,1,1,2,2,0,0,1,0,1,1,1,0,1,5,4,5,4,5,3,0,7,0,0,4.0
441,1,1,17,1,0,1,1,1,2,2,1,1,1,2,0,0,0,1,0,0,1,1,0,4,4,3,2,4,5,4,8,9,9,3.0
442,1,1,15,0,1,1,4,1,1,3,3,0,1,2,0,0,1,0,1,1,1,1,0,5,3,4,1,2,2,0,12,13,14,2.0
443,1,1,15,0,1,1,4,1,1,3,3,0,1,2,0,0,1,0,1,1,1,1,0,5,3,4,1,2,2,7,7,9,8,2.0
444,1,1,16,0,0,1,3,4,2,1,2,1,3,2,0,0,0,0,0,0,1,0,0,3,4,5,1,2,5,4,9,10,11,2.0
445,1,1,15,0,0,1,1,1,2,2,0,1,4,2,0,0,1,0,1,1,1,0,1,5,4,5,2,4,4,8,7,9,9,3.0
446,1,1,15,1,1,1,3,3,0,0,3,0,1,2,0,0,1,0,1,1,1,1,0,5,3,3,1,1,5,0,11,11,11,1.0
447,1,1,17,0,0,1,2,1,2,2,2,1,3,1,0,0,0,0,1,1,0,0,1,5,5,5,5,5,3,8,8,10,9,5.0
448,1,0,16,0,0,1,4,4,4,4,0,1,2,3,0,0,0,0,1,1,1,1,1,4,2,2,1,1,4,6,16,16,17,1.0
449,1,0,15,0,0,1,1,2,2,3,0,1,2,1,0,0,0,0,0,1,1,0,0,5,1,2,1,1,1,3,11,13,13,1.0
450,1,0,16,0,0,1,2,3,2,3,0,1,3,2,0,0,1,0,0,1,1,1,0,4,5,4,1,2,1,2,15,15,15,2.0
451,1,1,16,0,0,1,1,2,2,2,0,0,2,2,0,0,0,0,0,1,1,0,0,4,3,3,1,1,5,0,10,11,11,1.0
452,1,0,16,0,0,1,2,2,2,2,0,1,3,2,0,0,1,0,0,1,1,1,0,4,4,5,1,1,4,4,9,10,11,1.0
453,1,0,16,1,0,1,1,2,2,3,0,1,1,3,1,0,1,0,0,1,1,0,0,1,3,2,1,2,4,0,10,8,8,2.0
454,1,0,16,1,0,1,1,2,2,3,0,1,1,3,1,0,1,0,0,1,1,0,0,1,3,2,1,2,4,3,9,8,8,2.0
455,1,0,15,1,0,1,2,1,0,2,1,1,1,2,0,1,1,0,0,0,1,1,0,4,4,2,3,3,2,0,9,10,9,3.0
456,1,0,16,1,0,1,1,1,0,2,0,0,1,2,0,0,1,0,0,0,1,0,1,5,4,3,2,1,2,0,13,14,15,2.0
457,1,1,17,0,1,1,1,2,0,3,3,1,1,1,0,0,1,0,1,1,1,1,0,5,5,5,5,5,3,4,10,11,11,5.0
458,1,0,16,0,0,1,1,1,2,2,1,0,4,4,0,0,1,0,0,0,1,1,0,4,3,2,1,1,1,0,13,10,13,1.0
459,1,0,16,0,0,1,1,1,0,2,2,0,4,3,0,1,1,0,0,1,1,0,0,4,4,3,1,1,5,2,10,9,10,1.0
460,1,0,15,0,0,1,1,1,0,2,1,0,2,2,0,0,1,0,1,1,1,1,0,4,3,3,1,1,2,1,11,10,11,1.0
461,1,0,16,0,0,1,1,1,0,2,2,1,2,1,0,0,0,0,1,1,1,1,1,4,2,2,4,3,2,0,13,12,14,4.0
462,1,0,15,0,0,1,1,1,0,0,0,0,3,2,0,0,1,0,0,1,1,0,0,4,2,1,1,2,2,0,13,14,14,2.0
463,1,0,15,0,1,1,2,2,2,2,2,0,1,3,0,1,1,0,0,1,1,0,0,4,4,3,2,2,5,2,14,11,12,2.0
464,1,1,16,0,0,1,1,1,0,2,2,0,2,1,0,0,0,0,1,1,1,0,0,3,4,4,3,4,5,6,11,11,11,4.0
465,1,0,18,1,0,1,1,2,2,2,0,0,1,2,1,0,1,0,1,1,1,1,1,3,4,4,2,3,5,9,9,8,8,2.0
466,1,1,15,1,0,1,3,1,2,3,1,1,2,1,0,0,1,0,0,1,1,0,0,3,2,3,1,3,4,0,10,9,11,2.0
467,1,0,16,0,0,1,2,2,2,3,0,0,3,2,0,0,1,0,1,1,1,1,0,5,3,4,1,1,2,1,14,13,14,1.0
468,1,1,15,1,0,1,2,2,1,2,3,1,3,1,0,0,0,0,0,1,1,0,0,4,3,3,1,2,4,1,13,12,13,2.0
469,1,1,16,1,0,1,4,4,2,4,0,0,1,2,0,0,1,0,1,1,1,0,1,4,3,1,1,1,3,0,13,12,13,1.0
470,1,0,15,0,0,1,3,3,3,2,3,1,1,2,0,0,1,0,0,1,1,1,1,4,5,4,1,1,1,4,13,12,12,1.0
471,1,0,16,0,0,1,2,2,0,2,0,1,2,2,1,0,1,0,1,0,1,0,0,4,4,4,2,3,5,2,12,11,12,2.0
472,1,0,16,0,1,1,2,2,2,2,1,0,3,1,0,0,1,0,1,1,1,0,1,4,3,2,1,1,4,0,14,14,16,1.0
473,1,1,16,1,1,1,2,1,0,3,0,1,2,1,0,0,1,0,1,1,1,1,0,2,4,3,2,3,4,4,10,8,10,2.0
474,1,1,15,0,1,1,1,3,0,2,3,0,3,1,0,0,1,0,1,1,1,1,0,4,2,4,3,5,3,2,10,11,11,4.0
475,1,0,15,1,0,1,2,2,2,3,0,1,2,3,0,0,1,0,1,1,1,0,0,5,3,2,1,1,4,0,12,13,14,1.0
476,1,0,16,0,1,1,2,1,2,2,1,1,1,1,0,0,1,0,0,1,1,1,1,5,4,3,1,1,5,2,10,8,8,1.0
477,1,1,15,1,0,1,3,3,3,3,0,0,2,1,0,0,1,0,1,0,1,1,0,4,3,3,2,4,3,11,12,10,11,3.0
478,1,0,16,0,0,1,1,1,0,2,0,0,2,2,3,1,1,0,0,1,1,0,0,3,4,3,1,1,1,0,7,7,8,1.0
479,1,0,17,1,0,1,2,2,2,0,0,1,1,1,0,0,1,0,1,1,0,0,0,4,5,3,1,1,5,4,9,9,10,1.0
480,1,0,19,1,0,1,2,3,0,3,0,2,1,1,1,0,0,0,0,1,0,1,1,4,4,4,1,1,2,0,9,9,10,1.0
481,1,0,17,0,0,1,2,1,0,2,0,1,3,1,0,0,1,0,1,1,0,0,1,5,5,3,1,1,3,2,9,10,11,1.0
482,1,0,15,0,1,1,1,1,0,2,0,1,2,1,0,0,1,0,0,1,0,0,1,5,2,1,1,3,4,0,9,10,9,2.0
483,1,0,16,0,0,1,2,2,2,2,0,0,3,2,0,0,1,0,0,1,0,1,0,3,4,5,1,2,1,1,9,10,11,2.0
484,1,0,16,1,1,0,2,2,2,2,1,1,1,1,0,0,1,0,0,1,0,0,0,4,3,4,1,2,1,6,7,7,8,2.0
485,1,0,17,0,0,1,2,2,0,2,0,1,2,2,0,0,1,0,0,1,1,1,0,4,3,5,1,2,4,0,11,10,11,2.0
486,1,0,16,1,0,1,2,2,2,3,0,0,1,1,1,0,1,1,1,0,1,1,0,4,4,3,1,4,3,1,9,10,10,2.0
487,1,0,18,0,1,0,3,2,2,2,0,2,2,3,2,0,1,0,0,0,0,0,1,3,3,2,1,1,2,6,7,9,10,1.0
488,1,0,19,1,0,1,1,1,0,3,0,1,1,3,1,0,0,0,1,1,0,0,1,5,3,1,1,1,3,6,7,9,9,1.0
489,1,1,18,0,0,1,1,1,2,2,1,1,2,1,1,0,0,0,1,1,0,1,0,4,4,3,3,4,4,0,8,9,10,4.0
490,1,0,18,0,0,1,1,1,0,0,0,1,2,1,1,0,0,0,0,0,0,1,1,3,2,3,1,1,2,4,9,11,10,1.0
491,1,0,19,1,0,1,1,1,2,2,0,2,2,2,1,0,1,0,0,1,1,1,1,1,1,4,4,1,1,12,7,8,9,2.0
492,1,0,16,0,0,0,2,2,1,2,0,1,1,2,0,0,0,0,0,0,1,0,1,3,3,2,1,1,3,2,8,10,10,1.0
493,1,0,17,1,0,1,0,1,2,0,0,0,2,1,0,0,0,0,1,0,1,0,0,2,4,4,3,5,5,5,9,9,10,4.0
494,1,0,16,0,1,1,1,2,0,2,0,1,1,2,0,0,0,0,1,1,0,1,0,4,4,5,1,3,3,0,8,9,9,2.0
495,1,0,16,1,0,1,3,3,2,2,3,1,1,1,0,0,0,0,1,1,0,1,1,4,5,4,1,1,4,0,14,13,13,1.0
496,1,0,16,0,1,1,1,1,3,3,1,1,1,1,0,0,1,0,1,1,1,1,1,4,4,4,2,2,4,2,14,14,14,2.0
497,1,1,17,1,0,1,3,3,3,0,0,1,2,4,1,0,1,1,1,1,1,0,0,5,4,5,3,4,5,0,10,11,10,4.0
498,1,0,16,1,0,1,2,1,2,3,0,1,1,2,0,0,1,0,1,1,1,1,0,5,3,3,1,1,1,0,14,13,14,1.0
499,1,0,16,1,0,1,2,2,3,2,0,1,1,1,0,0,1,1,1,1,1,0,1,4,2,5,1,2,5,0,17,16,16,2.0
500,1,1,17,1,0,1,1,2,2,2,0,0,1,1,1,0,1,0,1,1,0,1,1,5,3,5,5,5,1,12,6,7,7,5.0
501,1,1,16,1,1,1,4,3,2,2,0,0,1,1,0,0,0,0,1,1,1,1,0,4,2,5,1,5,5,8,14,12,13,3.0
502,1,1,17,0,1,1,2,2,3,3,2,1,3,4,1,0,1,0,0,1,1,0,0,1,3,5,3,5,3,2,10,8,9,4.0
503,1,0,16,1,0,1,1,1,2,2,0,2,1,4,0,1,1,0,1,1,1,1,0,2,2,1,1,1,5,0,14,14,14,1.0
504,1,0,19,1,1,1,2,2,2,2,1,1,1,3,0,0,0,0,0,1,1,1,1,5,4,5,1,1,1,0,12,13,13,1.0
505,1,0,17,0,0,1,1,1,0,2,3,1,2,1,0,0,1,0,1,0,1,1,1,4,4,5,1,2,5,0,11,11,11,2.0
506,1,0,20,1,0,1,3,3,0,3,2,1,2,2,1,0,0,0,1,1,1,1,1,3,3,4,2,4,3,8,11,9,10,3.0
507,1,0,17,1,1,1,1,1,2,3,0,0,1,3,0,0,1,0,0,1,1,0,1,4,3,3,1,1,3,0,11,11,10,1.0
508,1,1,17,0,0,1,2,2,2,2,0,1,3,1,1,0,1,0,0,0,1,1,0,4,4,5,1,2,5,0,10,9,9,2.0
509,1,0,16,0,1,1,1,1,0,2,0,0,3,2,0,0,1,0,0,1,1,0,0,5,3,2,1,1,1,0,16,17,18,1.0
510,1,0,17,0,0,1,2,2,2,2,3,1,2,2,0,0,1,0,1,1,1,0,0,5,3,2,1,1,1,0,15,17,17,1.0
511,1,0,17,1,0,0,1,0,2,2,2,1,2,2,0,0,0,0,0,1,1,1,1,4,4,5,1,1,4,1,11,9,10,1.0
512,1,0,18,0,0,1,1,1,0,2,2,1,1,2,1,0,1,0,0,1,1,1,1,4,3,2,1,1,5,9,7,7,7,1.0
513,1,0,16,1,0,1,3,1,2,2,0,1,1,1,0,0,0,0,1,1,1,1,0,3,1,3,1,3,1,0,8,6,8,2.0
514,1,0,16,1,0,1,3,2,3,0,0,1,1,1,0,0,0,0,0,1,1,1,0,3,1,3,1,4,3,2,7,6,7,2.0
515,1,0,18,1,1,1,1,1,2,0,3,1,2,2,0,1,0,0,0,1,1,0,0,2,3,5,1,4,3,8,9,8,10,2.0
516,1,0,16,0,0,1,4,4,1,4,3,0,1,2,0,0,0,0,1,0,1,1,1,4,3,3,2,3,2,0,14,16,16,2.0
517,1,0,16,0,1,1,1,2,2,2,3,1,2,1,0,0,0,0,1,1,1,1,0,5,4,5,1,4,2,0,14,14,15,2.0
518,1,0,18,1,0,0,2,4,2,3,3,0,1,2,1,0,1,0,0,1,1,1,0,2,3,2,1,3,1,8,8,5,8,2.0
519,1,1,16,0,0,1,2,1,2,3,3,1,2,2,0,0,0,0,1,1,1,1,0,5,2,1,1,1,2,0,8,7,0,1.0
520,1,0,16,1,1,1,1,1,0,2,2,1,3,2,0,0,1,0,0,1,1,1,0,4,3,2,1,3,5,6,6,8,8,2.0
521,1,0,16,0,0,1,2,3,0,3,2,1,2,2,0,0,1,0,1,1,1,1,0,3,3,3,1,1,2,0,8,10,10,1.0
522,1,0,16,1,0,1,4,4,1,1,0,1,1,2,0,0,1,0,0,1,1,1,1,4,3,4,1,2,3,4,8,8,8,2.0
523,1,1,18,1,1,1,4,4,0,1,1,1,1,4,0,0,1,0,1,1,0,1,1,5,5,5,5,5,5,2,5,6,6,5.0
524,1,0,16,0,1,1,3,4,0,2,2,1,3,2,0,0,1,0,0,0,1,0,0,4,2,1,1,1,2,2,7,9,8,1.0
525,1,1,17,1,1,1,4,4,2,3,1,1,1,3,0,0,1,0,0,1,1,1,0,4,4,3,1,2,5,0,15,14,16,2.0
526,1,0,17,0,0,1,4,1,2,2,2,1,1,1,0,0,0,0,0,1,1,1,1,4,2,3,1,2,5,1,13,14,14,2.0
527,1,1,16,1,1,1,2,2,3,3,2,1,4,3,0,0,0,0,0,1,1,0,0,5,1,3,2,2,3,0,10,9,10,2.0
528,1,0,17,0,0,1,2,2,0,2,2,1,1,1,0,0,1,1,0,1,1,1,0,5,1,3,1,2,5,5,9,9,9,2.0
529,1,0,16,1,1,1,4,4,3,3,2,0,2,1,0,0,1,0,0,1,1,0,0,5,1,3,1,2,5,1,11,11,11,2.0
530,1,1,17,1,0,1,3,3,3,3,1,1,1,1,0,0,1,0,1,1,1,1,0,4,1,4,5,5,3,8,7,10,9,5.0
531,1,1,17,1,0,1,1,1,0,3,2,1,3,2,0,0,0,0,0,1,1,1,1,5,1,3,3,3,1,0,10,10,10,3.0
532,1,1,16,1,0,1,2,1,1,3,2,1,2,2,0,0,0,0,0,0,1,1,1,4,2,2,1,4,5,2,9,7,8,2.0
533,1,0,16,1,1,1,2,1,2,3,2,1,1,2,0,0,0,0,0,1,1,1,1,3,2,2,1,1,3,0,14,15,16,1.0
534,1,1,16,1,1,1,4,4,4,1,2,0,1,1,0,0,1,0,0,1,1,1,0,4,1,2,2,5,5,0,11,12,12,4.0
535,1,1,15,0,0,1,1,2,2,3,0,1,3,2,0,0,1,0,1,1,1,0,0,5,5,5,1,3,5,11,9,11,10,2.0
536,1,1,15,1,1,0,2,2,2,2,3,1,3,4,0,0,1,0,1,1,1,0,0,5,4,5,2,3,5,8,13,14,14,2.0
537,1,1,15,1,1,0,2,1,3,3,0,1,1,1,0,0,0,0,1,1,1,1,0,4,3,3,1,2,5,11,12,13,12,2.0
538,1,0,16,0,1,1,2,2,2,2,0,1,1,3,0,0,1,0,0,0,1,0,1,4,3,3,2,2,5,2,11,11,11,2.0
539,1,0,16,1,1,1,4,1,2,2,1,1,2,2,0,0,1,0,1,1,1,1,0,1,2,4,2,2,1,8,9,10,10,2.0
540,1,0,17,1,0,1,3,2,0,2,1,1,2,1,0,0,0,0,0,1,1,0,1,4,3,3,2,2,1,5,9,11,11,2.0
541,1,0,17,0,0,1,2,2,2,2,2,1,2,2,0,1,0,1,0,1,1,0,0,5,1,3,1,1,5,0,11,9,11,1.0
542,1,0,16,1,0,1,4,4,4,3,0,1,2,3,0,0,1,0,0,1,1,1,1,5,3,5,1,4,5,1,10,11,12,2.0
543,1,1,17,0,0,1,4,4,1,2,0,0,3,1,3,0,0,0,1,1,1,1,1,3,3,3,1,3,5,2,9,9,8,2.0
544,1,1,17,0,1,1,1,3,2,2,0,0,2,1,0,0,0,0,1,1,1,0,1,5,1,2,3,3,5,2,12,11,12,3.0
545,1,1,17,1,0,1,3,4,3,2,2,1,1,2,1,0,1,0,1,0,1,1,1,5,4,4,3,4,5,8,8,9,8,4.0
546,1,0,17,1,0,1,4,4,1,1,0,0,1,2,0,0,1,0,0,1,1,1,0,5,2,5,1,1,5,0,13,15,16,1.0
547,1,1,16,0,1,1,4,1,2,0,2,0,1,1,0,0,0,0,0,1,1,1,0,4,1,2,2,1,2,0,10,11,11,2.0
548,1,0,17,1,0,0,1,1,0,0,2,1,1,2,0,0,0,0,1,1,1,1,1,4,5,5,1,2,3,2,11,10,11,2.0
549,1,0,17,0,0,1,4,2,2,2,0,1,2,2,0,1,1,0,0,0,1,1,0,4,3,3,2,3,5,0,17,18,18,2.0
550,1,1,16,1,1,0,2,2,2,3,0,0,2,2,0,0,1,0,0,0,1,1,1,4,1,2,2,2,5,0,12,13,13,2.0
551,1,1,17,1,0,1,3,2,2,2,2,0,2,2,0,0,1,1,0,1,1,1,0,4,1,2,2,2,1,0,13,14,13,2.0
552,1,1,19,1,0,1,1,1,2,2,2,1,1,2,2,0,1,0,1,1,0,1,0,4,4,3,3,4,4,2,9,9,10,4.0
553,1,1,17,1,1,0,1,0,2,2,1,1,1,1,0,0,0,0,0,1,1,0,1,4,1,2,1,1,5,4,11,11,12,1.0
554,1,0,17,0,0,1,1,1,0,0,0,0,2,1,0,0,1,0,1,1,0,1,1,3,5,5,2,2,4,3,10,11,10,2.0
555,1,0,16,0,0,1,1,2,2,2,1,0,1,3,0,1,1,0,0,0,1,1,1,4,3,4,1,1,3,5,13,14,13,1.0
556,1,1,16,0,1,1,1,2,2,0,0,1,1,1,0,0,0,0,0,1,1,0,0,4,4,4,2,4,5,4,9,10,11,3.0
557,1,0,17,0,0,1,3,1,2,2,0,1,2,2,3,0,1,0,1,0,1,1,1,5,4,4,1,1,5,2,7,9,10,1.0
558,1,1,17,0,0,1,2,2,2,2,0,1,2,1,0,0,0,0,1,1,0,0,1,5,5,5,3,5,5,0,8,13,10,4.0
559,1,1,18,0,0,1,1,0,0,0,0,2,3,1,1,1,1,0,0,1,1,0,0,4,3,2,1,1,4,0,12,12,13,1.0
560,1,1,17,0,0,1,1,1,2,3,0,1,2,1,0,0,1,0,1,0,1,1,1,4,5,5,1,3,2,0,10,9,10,2.0
561,1,1,18,1,1,1,1,1,0,0,0,1,2,2,0,0,1,0,1,1,1,0,0,4,3,3,1,4,5,6,10,9,10,2.0
562,1,0,16,0,1,1,2,2,2,3,0,0,1,2,0,0,0,0,1,1,1,0,1,5,4,3,1,1,1,0,11,13,12,1.0
563,1,1,17,1,0,1,2,2,2,2,0,1,1,1,1,0,0,0,1,1,1,0,1,1,2,1,2,3,5,0,7,0,0,2.0
564,1,1,16,0,0,1,3,2,3,2,0,0,2,1,0,0,0,0,0,1,1,1,0,4,5,5,2,3,5,2,11,9,10,2.0
565,1,1,16,0,1,1,1,1,0,2,0,1,2,1,0,0,0,0,1,1,1,1,0,4,5,5,2,4,5,0,10,10,9,3.0
566,1,1,18,0,0,1,1,1,3,2,0,2,2,1,1,0,1,0,0,1,0,1,1,5,3,3,2,3,5,2,9,7,9,2.0
567,1,1,18,0,0,1,3,2,3,2,0,1,1,1,1,0,0,0,0,1,0,1,0,2,3,1,2,2,5,0,4,0,0,2.0
568,1,1,19,1,0,1,3,2,0,3,0,1,2,1,3,0,0,0,1,1,1,0,0,3,2,1,1,1,3,4,6,11,9,1.0
569,1,1,18,1,0,1,3,3,0,0,0,1,1,2,2,0,1,0,1,1,0,1,0,4,4,5,1,3,3,9,4,8,8,2.0
570,1,1,16,0,0,1,2,2,3,3,0,1,2,1,0,0,1,0,1,1,1,1,1,5,4,3,2,4,4,6,7,8,8,3.0
571,1,1,19,1,0,1,2,1,0,2,0,2,2,1,3,0,0,0,1,0,0,1,1,4,4,3,1,3,5,4,8,9,9,2.0
572,1,0,16,1,0,0,3,2,3,0,0,1,2,2,2,0,1,0,1,1,1,0,1,2,5,5,1,1,1,8,5,5,7,1.0
573,1,0,17,1,0,1,1,1,2,0,0,1,1,1,0,0,1,0,1,1,1,0,0,4,3,2,1,2,5,9,7,9,10,2.0
574,1,1,20,0,0,1,1,1,2,2,0,2,2,1,1,0,1,0,0,1,0,1,1,4,4,3,2,4,4,12,8,11,10,3.0
575,1,0,18,0,0,0,4,3,3,3,0,1,1,1,0,0,1,0,0,1,1,1,0,5,4,4,3,4,2,8,10,11,10,4.0
576,1,1,18,0,0,1,3,2,2,2,0,1,2,1,0,0,1,0,0,0,1,1,0,2,5,5,5,5,5,8,9,10,11,5.0
577,1,1,19,0,0,1,1,1,2,3,1,2,3,2,1,0,0,0,0,1,1,1,0,5,4,4,3,3,2,8,10,9,11,3.0
578,1,1,17,1,0,1,3,3,1,2,0,1,2,2,1,0,1,0,0,1,1,1,0,4,5,4,2,3,3,4,8,9,10,2.0
579,1,1,18,1,1,1,1,3,0,3,0,1,1,1,0,0,0,0,0,1,0,1,1,4,3,3,2,3,3,0,9,10,9,2.0
580,1,1,19,0,0,1,1,1,2,2,1,2,3,1,1,0,1,0,0,1,1,1,0,4,4,4,3,3,5,4,8,9,10,3.0
581,1,0,18,1,0,0,1,2,0,2,0,1,2,2,2,0,1,0,0,1,1,0,0,4,3,3,1,1,5,2,6,8,8,1.0
582,1,0,19,1,1,0,1,1,0,2,0,1,1,1,0,0,1,0,0,1,0,0,0,1,4,4,1,1,5,0,6,8,7,1.0
583,1,0,18,0,0,1,2,2,2,2,2,1,2,1,1,0,0,0,0,1,0,1,1,5,5,5,1,1,3,0,8,6,0,1.0
584,1,0,17,0,0,1,0,0,0,2,0,1,2,1,0,0,1,0,0,1,1,1,0,4,4,3,1,1,5,0,10,11,11,1.0
585,1,0,17,0,1,0,3,1,2,0,0,2,2,3,0,0,1,1,0,1,0,0,0,4,2,3,2,2,3,5,8,7,8,2.0
586,1,0,17,1,0,1,4,2,4,3,1,1,1,2,0,1,1,0,1,1,1,1,0,5,5,5,1,3,5,0,8,8,0,2.0
587,1,0,18,0,1,1,2,2,3,3,0,1,1,2,1,0,1,0,1,1,1,1,0,2,3,3,1,2,4,3,7,6,8,2.0
588,1,0,17,1,0,1,4,1,1,0,0,1,1,1,0,0,1,0,0,1,1,0,1,3,2,2,1,1,5,0,8,10,9,1.0
589,1,0,17,1,1,1,1,2,0,2,0,0,1,1,0,0,0,0,0,1,1,1,0,5,5,1,1,1,3,0,7,10,10,1.0
590,1,0,18,1,0,1,1,1,2,2,0,1,3,2,2,0,0,0,1,1,1,0,1,3,4,4,2,2,5,3,7,8,7,2.0
591,1,0,18,1,0,1,2,2,3,0,3,0,2,2,0,0,0,0,1,0,1,1,0,4,3,5,1,1,1,2,12,13,14,1.0
592,1,0,17,1,0,1,3,3,3,3,0,1,2,1,0,0,1,0,0,1,1,1,0,4,4,3,1,1,4,0,11,12,13,1.0
593,1,0,18,1,1,0,1,2,0,2,3,1,2,2,0,0,0,0,0,1,1,1,0,4,4,3,1,2,4,0,12,13,14,2.0
594,1,0,18,1,0,1,4,4,4,4,3,1,2,2,0,0,0,0,1,0,1,1,0,4,3,5,1,2,1,0,18,18,18,2.0
595,1,1,18,1,1,1,4,4,3,2,3,1,1,1,0,0,1,0,1,1,1,1,0,5,4,5,1,1,5,3,17,17,17,1.0
596,1,0,17,1,0,1,4,2,2,2,0,1,2,2,0,0,1,0,0,1,1,1,0,4,3,3,1,2,4,0,17,18,18,2.0
597,1,0,18,0,0,1,2,2,0,2,0,1,3,2,1,0,0,0,1,1,1,0,1,4,3,3,1,1,4,0,9,0,0,1.0
598,1,1,18,1,1,1,1,2,0,3,1,1,2,1,0,0,1,0,0,0,1,0,0,4,1,4,5,5,1,8,10,11,11,5.0
599,1,1,18,0,0,1,4,4,0,3,2,1,3,1,0,0,1,1,1,1,1,1,1,2,5,5,1,1,1,5,12,13,14,1.0
600,1,1,17,0,0,1,1,1,2,3,2,0,3,1,0,0,0,0,0,0,0,0,0,4,2,3,3,4,4,4,12,13,14,4.0
601,1,0,18,1,0,1,2,2,2,2,0,1,2,2,0,0,1,0,0,0,1,1,1,1,3,1,1,1,2,4,8,8,10,1.0
602,1,0,18,1,1,1,2,2,3,3,0,0,2,3,0,0,0,0,0,1,1,1,1,5,4,5,1,4,3,0,11,12,13,2.0
603,1,0,18,0,1,0,4,2,4,2,3,1,1,2,0,0,0,0,1,1,1,1,1,5,3,1,1,1,5,0,5,0,0,1.0
604,1,0,18,1,0,1,1,1,0,3,0,1,3,2,1,0,0,0,0,1,0,0,0,4,4,2,1,2,2,2,9,10,10,2.0
605,1,0,19,1,0,1,1,1,0,3,2,0,2,1,1,0,0,0,0,1,0,0,0,5,5,5,2,3,2,0,5,0,0,2.0
606,1,0,17,1,0,1,4,2,4,2,0,0,2,4,0,0,0,0,0,1,1,1,1,4,2,3,3,1,5,0,18,18,18,2.0
607,1,0,17,0,1,0,2,1,3,2,3,1,2,2,0,0,0,0,1,1,1,1,1,5,3,3,1,2,2,5,11,11,12,2.0
608,1,0,18,1,1,0,1,1,0,3,0,1,1,2,0,0,0,0,0,1,1,0,1,5,2,3,1,2,3,2,8,10,11,2.0
609,1,0,18,1,0,1,1,2,0,0,0,0,2,2,0,0,1,0,0,1,0,0,0,4,1,1,1,1,4,0,11,11,12,1.0
610,1,0,19,0,0,0,1,1,0,0,0,2,2,2,3,0,1,0,1,1,0,0,1,3,5,4,1,4,1,0,8,0,0,2.0
611,1,0,18,0,0,1,2,2,3,2,1,1,2,3,0,0,0,0,0,1,1,1,1,4,2,1,1,1,4,5,14,14,15,1.0
612,1,1,17,0,0,1,4,3,3,2,1,1,2,2,1,0,1,1,1,0,1,1,1,4,5,5,1,3,2,4,10,11,11,2.0
613,1,0,18,1,0,1,3,3,3,3,0,0,1,2,0,0,1,0,0,1,1,0,1,5,3,4,1,1,5,0,10,10,10,1.0
614,1,0,17,0,0,1,4,4,4,3,2,0,2,2,0,0,1,1,1,1,1,1,0,4,3,3,1,2,5,2,12,12,12,2.0
615,1,0,17,1,1,0,3,2,3,2,3,1,2,2,0,0,0,0,0,1,1,0,1,1,2,3,1,2,5,0,15,14,15,2.0
616,1,1,18,1,1,1,1,1,2,3,1,0,2,1,0,0,0,0,0,0,1,1,1,3,3,2,1,2,3,2,14,13,14,2.0
617,1,0,18,1,1,1,1,1,0,3,0,0,2,3,0,0,0,0,0,1,1,1,0,5,3,2,1,1,4,0,19,17,18,1.0
618,1,0,18,0,1,0,1,2,0,2,0,1,3,2,0,0,0,0,0,1,1,0,1,4,3,4,1,4,5,0,16,15,15,2.0
619,1,0,18,1,0,1,3,3,3,3,2,1,2,2,0,0,1,0,0,1,1,1,1,4,3,2,1,3,3,6,13,12,13,2.0
620,1,0,17,1,1,1,4,4,0,0,0,1,1,2,0,0,1,0,1,1,1,1,1,2,3,4,1,1,1,4,15,14,15,1.0
621,1,0,17,0,0,1,1,2,2,3,0,0,2,2,0,0,0,0,0,0,1,0,0,3,2,2,1,2,3,0,13,13,13,2.0
622,1,1,18,0,0,1,1,3,0,2,0,1,2,2,0,0,1,1,0,1,1,0,0,3,3,4,2,4,3,0,8,10,9,3.0
623,1,1,18,1,1,1,4,4,4,3,2,1,2,3,0,0,0,0,0,1,1,1,1,4,2,2,2,2,5,0,15,16,16,2.0
624,1,0,17,0,0,1,1,1,2,3,3,1,3,1,1,0,1,0,0,1,1,1,1,5,2,1,1,2,1,0,8,8,9,2.0
625,1,0,18,1,0,1,2,3,0,3,0,0,2,1,0,0,1,0,0,1,1,1,1,5,2,3,1,2,4,0,10,10,10,2.0
626,1,0,18,0,0,1,4,4,2,4,2,0,3,2,0,0,1,0,0,0,1,1,1,3,2,2,4,2,5,0,7,5,0,3.0
627,1,1,18,0,1,1,1,2,0,3,2,0,3,1,0,0,1,0,1,1,0,1,1,4,3,3,2,3,3,3,9,10,10,2.0
628,1,0,17,1,0,1,2,2,2,0,1,1,1,3,0,0,0,0,1,1,1,0,1,3,4,3,1,1,3,8,10,11,12,1.0
629,1,0,17,0,0,1,1,2,2,2,0,1,1,1,0,0,0,0,1,1,1,1,0,3,5,5,1,3,1,4,7,8,9,2.0
630,1,0,18,0,1,1,4,4,2,2,3,1,2,3,0,0,0,0,0,1,1,1,0,5,4,4,1,1,1,0,15,17,17,1.0
631,1,0,18,0,0,1,1,1,2,2,1,1,4,3,0,0,0,0,0,1,1,1,0,4,3,2,1,2,4,4,10,11,12,2.0
632,1,0,19,0,0,1,1,1,0,2,0,2,2,2,1,0,1,0,0,1,1,1,1,4,3,3,1,1,3,4,7,8,9,1.0
633,1,0,18,0,1,1,4,4,4,3,0,1,1,2,0,0,0,0,1,1,1,1,0,5,4,3,3,4,2,1,13,14,14,4.0
634,1,0,18,1,0,1,3,3,2,2,1,1,1,2,0,0,0,0,0,1,1,1,1,4,1,3,1,2,1,1,16,16,16,2.0
635,1,0,17,0,0,1,3,1,0,2,3,1,1,2,0,0,1,0,1,0,1,1,0,4,5,4,2,3,1,10,8,9,9,2.0
636,1,1,18,1,0,1,4,4,4,4,1,0,1,2,0,0,0,0,1,0,1,1,0,3,2,4,1,4,2,4,17,18,19,2.0
637,1,1,18,0,0,1,2,1,2,2,2,1,2,1,0,0,0,0,1,0,1,1,1,4,4,3,1,3,5,0,7,7,0,2.0
638,1,1,17,1,0,1,2,3,2,3,1,0,2,2,0,0,0,0,1,1,1,1,0,4,4,3,1,1,3,4,14,15,16,1.0
639,1,1,19,0,0,1,1,1,2,3,2,1,2,1,1,0,0,0,0,1,1,0,0,4,3,2,1,3,5,0,5,8,0,2.0
640,1,1,18,0,0,1,4,2,2,2,1,0,2,1,1,0,0,1,0,1,1,0,0,5,4,3,4,3,3,0,7,7,0,4.0
641,1,0,18,0,0,1,2,2,0,2,2,1,2,3,0,0,0,0,0,1,1,0,0,5,3,3,1,3,4,0,14,17,15,2.0
642,1,0,17,1,0,1,4,3,4,2,2,1,2,2,0,0,0,0,0,1,1,1,0,5,5,4,1,1,1,0,6,9,11,1.0
643,1,0,18,0,0,1,4,4,4,0,3,1,3,1,0,0,1,0,1,1,1,1,1,4,4,3,2,2,5,4,7,9,10,2.0
644,1,0,19,0,0,1,2,3,3,2,0,1,1,3,1,0,0,0,1,0,1,1,0,5,4,2,1,2,5,4,10,11,10,2.0
645,1,0,18,1,1,1,3,1,4,3,0,1,1,2,0,0,1,0,0,1,1,1,0,4,3,4,1,1,1,4,15,15,16,1.0
646,1,0,18,1,0,1,1,1,2,2,0,1,2,2,0,0,0,0,1,1,1,0,0,1,1,1,1,1,5,6,11,12,9,1.0
647,1,1,17,1,1,1,3,1,3,3,0,1,2,1,0,0,0,0,0,0,1,1,0,2,4,5,3,4,2,6,10,10,10,4.0
648,1,1,18,0,1,1,3,2,3,2,0,1,3,1,0,0,0,0,0,0,1,1,0,4,4,1,3,4,5,4,10,11,11,4.0
